05481f460fff	<none>	2026-09-10 14:50	dangling
d0b18337f49f	<none>	2026-09-10 14:50	dangling
d800857d54b1	<none>	2026-09-10 14:50	dangling
4522a3d434ef	<none>	2026-09-10 14:50	dangling
d5b116818f85	<none>	2026-09-10 14:49	dangling
4925f83a82a2	<none>	2026-09-10 14:49	dangling
e70d3e051a25	<none>	2026-09-10 14:49	dangling
ad56312b7e7c	<none>	2026-09-10 14:49	dangling
142d3173b3d9	<none>	2026-09-10 14:49	dangling
89364abdb5a7	<none>	2026-09-10 14:49	dangling
22870026e0e3	<none>	2026-09-10 14:49	dangling
857396905973	<none>	2026-09-10 14:49	dangling
9a3e6778e76f	<none>	2026-09-10 14:49	dangling
801b8c9f250e	<none>	2026-09-10 14:49	dangling
94fef98f7faa	<none>	2026-09-10 14:49	dangling
fe5f9660dc5e	<none>	2026-09-10 14:49	dangling
ef4875715a5d	<none>	2026-09-10 14:49	dangling
ee80e47dc55e	<none>	2026-09-10 14:49	dangling
caf82e0ca12f	<none>	2026-09-10 14:49	dangling
520d33cceae9	<none>	2026-09-10 14:49	dangling
5e74cf7a6ce7	<none>	2026-09-10 14:49	dangling
7adbb244670b	<none>	2026-09-10 14:49	dangling
0c41d2dbc6ed	<none>	2026-09-10 14:49	dangling
4f767ef26f47	<none>	2026-09-10 14:49	dangling
19c98a953a54	<none>	2026-09-10 14:49	dangling
9a8d34ae09e0	<none>	2026-09-10 14:49	dangling
2bb8068e0312	<none>	2026-09-10 14:49	dangling
6810c1435e56	<none>	2026-09-10 14:49	dangling
41210cdb274f	<none>	2026-09-09 17:46	dangling
25ccb67dd122	<none>	2026-09-09 17:46	dangling
616ec1f6acf9	<none>	2026-09-09 17:46	dangling
c99aeb813e57	<none>	2026-09-09 17:46	dangling
f062908db4b9	<none>	2026-09-09 17:46	dangling
1d517acaeaa4	<none>	2026-09-09 17:46	dangling
18ba6df5ab0d	<none>	2026-09-09 17:46	dangling
f48df5c8d945	<none>	2026-09-09 17:46	dangling
5f7cb5c2b241	<none>	2026-09-09 17:46	dangling
d6eec691770b	<none>	2026-09-09 17:46	dangling
2e8ad89fc9d8	<none>	2026-09-09 17:46	dangling
4d6f4478207d	<none>	2026-09-09 17:46	dangling
6e2122762cec	<none>	2026-09-09 17:46	dangling
4558d78aa422	<none>	2026-09-09 17:46	dangling
f03d9c29ab63	<none>	2026-09-09 17:46	dangling
e6d8ae5fa788	<none>	2026-09-09 17:46	dangling
f738ba12b8b7	<none>	2026-09-09 17:46	dangling
e54c457b44f1	<none>	2026-09-09 17:46	dangling
60366f4a0f1c	<none>	2026-09-09 17:46	dangling
4db50be6a13b	<none>	2026-09-09 17:46	dangling
b5c72250cd59	<none>	2026-09-09 17:46	dangling
a59baf05ab2b	<none>	2026-09-09 17:46	dangling
1e556505cda4	<none>	2026-09-09 17:46	dangling
93d0329389e9	<none>	2026-09-09 17:46	dangling
fcc4ea453160	<none>	2026-09-09 17:30	dangling
69f99b742fcb	<none>	2026-09-09 17:30	dangling
05ccac628ec8	<none>	2026-09-09 17:30	dangling
dcd1532cfb42	<none>	2026-09-09 17:30	dangling
ee996ef8e531	<none>	2026-09-09 13:06	dangling
dd4002dfcb97	<none>	2026-09-09 13:06	dangling
8164cbf4ac2a	<none>	2026-09-09 13:06	dangling
7f6c5e1ffff0	<none>	2026-09-09 13:06	dangling
fb0a9e6a7425	<none>	2026-09-09 13:06	dangling
913486c179fc	<none>	2026-09-09 13:06	dangling
18b0c5ab9016	<none>	2026-09-09 13:06	dangling
e8b199dd418b	<none>	2026-09-09 13:06	dangling
1be18a84e3ac	<none>	2026-09-09 13:06	dangling
1150d52b7b3f	<none>	2026-09-09 13:06	dangling
31cea470d446	<none>	2026-09-09 13:06	dangling
2b2a90ad6a38	<none>	2026-09-09 13:06	dangling
f7f4f9798049	<none>	2026-09-09 13:06	dangling
a06f21e207f2	<none>	2026-09-09 13:06	dangling
2d27e3f1aa68	<none>	2026-09-09 13:06	dangling
592a4c12c209	<none>	2026-09-09 13:04	dangling
17f33c6594e3	<none>	2026-09-09 13:04	dangling
5de58abdfd4b	<none>	2026-09-09 13:04	dangling
0b823fac6bf8	<none>	2026-09-09 13:04	dangling
d0a8f76a982f	<none>	2026-09-09 13:04	dangling
84ea196b9270	<none>	2026-09-09 13:04	dangling
2ed67db6d493	<none>	2026-09-09 13:04	dangling
25dff2d00675	<none>	2026-09-09 13:04	dangling
f506bb9728c0	<none>	2026-09-09 13:04	dangling
5acf6d1fc0fc	<none>	2026-09-09 13:04	dangling
e1f3d60c31c6	<none>	2026-09-09 12:50	dangling
b6f172394925	<none>	2026-09-09 12:50	dangling
eb736497c5bd	<none>	2026-09-09 12:50	dangling
6213fa7d903e	<none>	2026-09-09 12:50	dangling
0a8de30a0c92	<none>	2026-09-09 12:33	dangling
cd93d80b3f95	localhost/voipmonitor/vllm:jj-r28-spark-sm121	2026-09-08 18:48	USED BY container qwen38-flash-next-nvfp4-jj-r28-tp2
