ea031e1d3d05	localhost/voipmonitor/build-candidates	jj-r38-runtime-20260915T163156Z-64815	2026-09-15 16:33:13 +0000 UTC	35.9 GB
ea031e1d3d05	localhost/voipmonitor/vllm	jj-r38-spark-sm121	2026-09-15 16:33:13 +0000 UTC	35.9 GB
56757ca24b13	<none>	<none>	2026-09-15 16:33:12 +0000 UTC	35.9 GB
a3d17627b567	<none>	<none>	2026-09-15 16:33:12 +0000 UTC	35.9 GB
d254a9e4289f	<none>	<none>	2026-09-15 16:33:12 +0000 UTC	35.9 GB
d2b71f02e5c6	<none>	<none>	2026-09-15 16:33:06 +0000 UTC	35.9 GB
439f62616867	<none>	<none>	2026-09-15 16:32:53 +0000 UTC	35.1 GB
b31d14149cca	<none>	<none>	2026-09-15 16:32:52 +0000 UTC	35.1 GB
f335c14f0154	<none>	<none>	2026-09-15 16:32:52 +0000 UTC	35.1 GB
8e1316d1c3fd	<none>	<none>	2026-09-15 16:32:51 +0000 UTC	35.1 GB
2c6a890d037b	<none>	<none>	2026-09-15 16:32:50 +0000 UTC	34.8 GB
0b2252cf89ed	<none>	<none>	2026-09-15 16:32:48 +0000 UTC	34.9 GB
2aa3ea5d6f5e	<none>	<none>	2026-09-15 16:32:24 +0000 UTC	34.9 GB
6ff2f9d6d747	<none>	<none>	2026-09-15 16:32:24 +0000 UTC	34.9 GB
2e327a610ef4	<none>	<none>	2026-09-15 16:32:22 +0000 UTC	34.8 GB
d8cdd18c50a0	<none>	<none>	2026-09-15 16:32:21 +0000 UTC	34.8 GB
e6df075918af	<none>	<none>	2026-09-15 16:32:21 +0000 UTC	34.8 GB
31be6a00cbd9	<none>	<none>	2026-09-15 16:32:21 +0000 UTC	34.8 GB
d559aa83f9f9	<none>	<none>	2026-09-15 16:32:20 +0000 UTC	34.8 GB
eb0739cdc7da	<none>	<none>	2026-09-15 16:32:20 +0000 UTC	34.8 GB
ca0d05983346	<none>	<none>	2026-09-15 16:32:20 +0000 UTC	34.8 GB
d113e3877777	<none>	<none>	2026-09-15 16:32:20 +0000 UTC	34.8 GB
0cffec6d1589	<none>	<none>	2026-09-15 16:32:19 +0000 UTC	34.8 GB
32c3ba375354	<none>	<none>	2026-09-15 16:32:19 +0000 UTC	34.8 GB
24a236862702	<none>	<none>	2026-09-15 16:32:18 +0000 UTC	34.8 GB
befa1d01903a	<none>	<none>	2026-09-15 16:32:10 +0000 UTC	34.7 GB
08e91a3b6301	<none>	<none>	2026-09-15 16:32:01 +0000 UTC	34.4 GB
61e1c7827eb3	<none>	<none>	2026-09-15 16:32:01 +0000 UTC	34.4 GB
d379c0be155b	<none>	<none>	2026-09-15 16:32:00 +0000 UTC	34.4 GB
e5cc211adf93	<none>	<none>	2026-09-15 16:31:59 +0000 UTC	34.4 GB
28b3bcdf1b47	<none>	<none>	2026-09-15 16:31:59 +0000 UTC	34.4 GB
112a1dbebc6c	<none>	<none>	2026-09-15 16:31:59 +0000 UTC	37.4 GB
45614cd3d6e8	localhost/voipmonitor/build-components	jj-r38-flashinfer-20260915T160431Z-59162	2026-09-15 16:31:52 +0000 UTC	37.4 GB
68a9fa4b513e	<none>	<none>	2026-09-15 16:31:52 +0000 UTC	37.4 GB
16680ede8b8e	<none>	<none>	2026-09-15 16:31:51 +0000 UTC	37.4 GB
013e40b333a3	<none>	<none>	2026-09-15 16:31:51 +0000 UTC	37.4 GB
b9b413141ece	<none>	<none>	2026-09-15 16:31:50 +0000 UTC	37.4 GB
129d4b9b4cb9	<none>	<none>	2026-09-15 16:31:39 +0000 UTC	37.4 GB
12ec5cf73645	<none>	<none>	2026-09-15 16:04:50 +0000 UTC	35 GB
90ba300de575	<none>	<none>	2026-09-15 16:04:46 +0000 UTC	35 GB
42384a470240	<none>	<none>	2026-09-15 16:04:36 +0000 UTC	34.4 GB
c8f161376d86	<none>	<none>	2026-09-15 16:04:32 +0000 UTC	34.4 GB
52778cedaf91	<none>	<none>	2026-09-15 16:04:32 +0000 UTC	34.4 GB
7bada1125097	localhost/sol-h3-spark/stage2	ce7b6f6a735ad6e2	2026-09-12 04:22:42 +0000 UTC	20.7 GB
47da48bde6e3	<none>	<none>	2026-09-12 04:22:42 +0000 UTC	20.4 GB
ac599488d3b3	<none>	<none>	2026-09-12 04:22:40 +0000 UTC	20.4 GB
cb892fbdf439	<none>	<none>	2026-09-12 04:20:04 +0000 UTC	20 GB
bafe67a0c123	<none>	<none>	2026-09-12 04:19:05 +0000 UTC	19.5 GB
c433fb98684e	<none>	<none>	2026-09-12 04:18:37 +0000 UTC	8.16 GB
4796d8300f98	localhost/sol-h3-spark/stage1	1992711d52ebccab	2026-09-12 04:18:25 +0000 UTC	23.3 GB
09e829016ea3	<none>	<none>	2026-09-12 04:18:25 +0000 UTC	22.4 GB
d3b3030ef120	<none>	<none>	2026-09-12 04:18:19 +0000 UTC	22.4 GB
4c91223ee590	<none>	<none>	2026-09-12 04:18:17 +0000 UTC	21.6 GB
5a4185579b68	<none>	<none>	2026-09-12 04:18:15 +0000 UTC	21.6 GB
5cdb4f9de1bc	<none>	<none>	2026-09-12 04:17:23 +0000 UTC	21.5 GB
41e8be31fe9a	<none>	<none>	2026-09-12 04:15:51 +0000 UTC	20.9 GB
bb57959b31b3	<none>	<none>	2026-09-12 03:54:11 +0000 UTC	7.7 GB
0bad224f667e	localhost/sol-h3-spark/qwen	4a14585f9da54ac2	2026-09-12 03:54:08 +0000 UTC	22.9 GB
b1a7d7923294	<none>	<none>	2026-09-12 03:54:08 +0000 UTC	22.9 GB
53e4cc0fdd7e	<none>	<none>	2026-09-12 03:54:07 +0000 UTC	22.9 GB
80c456120860	<none>	<none>	2026-09-12 03:53:45 +0000 UTC	22.9 GB
9af34d01b9b3	<none>	<none>	2026-09-12 03:53:27 +0000 UTC	22.3 GB
6da7c57820ba	<none>	<none>	2026-09-12 03:53:22 +0000 UTC	19.8 GB
4c5992148bb8	localhost/sol-h3-test/qwen-audio-291	20260911	2026-09-12 02:27:02 +0000 UTC	22.5 GB
4b08e09960d4	<none>	<none>	2026-09-12 02:26:42 +0000 UTC	22.5 GB
16b7cae7454c	localhost/sol-h3-test/stage1	20260911	2026-09-12 02:20:58 +0000 UTC	23.1 GB
5cc4f0f3d7bc	<none>	<none>	2026-09-12 02:20:58 +0000 UTC	22.2 GB
1fcd2e93e3d1	<none>	<none>	2026-09-12 02:20:52 +0000 UTC	22.2 GB
416ac72fb261	<none>	<none>	2026-09-12 02:19:48 +0000 UTC	21.4 GB
218a6885700f	<none>	<none>	2026-09-12 02:19:46 +0000 UTC	21.4 GB
1a9b4824460b	<none>	<none>	2026-09-12 02:18:57 +0000 UTC	21.3 GB
86de1552c097	localhost/sol-h3-test/qwen-audio	20260911	2026-09-12 02:18:24 +0000 UTC	22.4 GB
c43a43b2c9bd	localhost/sol-h3-test/qwen	20260911	2026-09-12 02:15:04 +0000 UTC	22.4 GB
090417dd627a	<none>	<none>	2026-09-12 02:15:03 +0000 UTC	22.4 GB
d12d09442b27	<none>	<none>	2026-09-12 02:15:03 +0000 UTC	22.4 GB
8c78716ac7a8	<none>	<none>	2026-09-12 02:14:47 +0000 UTC	22.3 GB
18412f00134e	<none>	<none>	2026-09-12 02:14:41 +0000 UTC	19.8 GB
25ef9135bb22	<none>	<none>	2026-09-12 02:14:41 +0000 UTC	19.8 GB
bd11383a5464	<none>	<none>	2026-09-12 02:14:40 +0000 UTC	19.8 GB
8c5645e0cef0	<none>	<none>	2026-09-12 02:14:39 +0000 UTC	19.8 GB
fe330b7a5d88	localhost/sol-h3-test/stage2-audio-candidate	20260911	2026-09-12 02:12:34 +0000 UTC	19.9 GB
54bbdc22fe1b	<none>	<none>	2026-09-12 02:09:49 +0000 UTC	20.9 GB
0d8dd6d6db79	<none>	<none>	2026-09-12 02:09:18 +0000 UTC	7.7 GB
b996832d73d3	<none>	<none>	2026-09-12 02:09:18 +0000 UTC	7.7 GB
8f04ca0407cd	<none>	<none>	2026-09-12 02:09:13 +0000 UTC	7.7 GB
9dfb6d8d5f38	<none>	<none>	2026-09-12 02:08:49 +0000 UTC	7.1 GB
46e443b1e6f8	<none>	<none>	2026-09-12 02:08:48 +0000 UTC	7.1 GB
a45f067f5ba4	localhost/sol-h3-test/stage2	20260911	2026-09-12 02:03:12 +0000 UTC	20.2 GB
99bae85d8609	<none>	<none>	2026-09-12 02:03:12 +0000 UTC	19.9 GB
918a775b543f	<none>	<none>	2026-09-12 02:03:10 +0000 UTC	19.9 GB
7bd3ed46cf16	<none>	<none>	2026-09-12 02:00:39 +0000 UTC	19.5 GB
451f304c80fe	<none>	<none>	2026-09-12 01:59:46 +0000 UTC	19.5 GB
0f0eb0cb66b0	<none>	<none>	2026-09-12 01:56:22 +0000 UTC	8.16 GB
70b76bbaf221	<none>	<none>	2026-09-12 01:56:22 +0000 UTC	8.16 GB
a06309516d3d	<none>	<none>	2026-09-12 01:56:17 +0000 UTC	8.16 GB
e6199c1e053f	<none>	<none>	2026-09-12 01:55:59 +0000 UTC	7.59 GB
b836434900f7	<none>	<none>	2026-09-12 01:55:59 +0000 UTC	7.59 GB
b65162ec72e4	ghcr.io/astral-sh/uv	0.12.13	2026-09-10 18:52:40 +0000 UTC	46.9 MB
74e53e710bef	localhost/voipmonitor/vllm	jj-r32-spark-sm121	2026-09-10 14:50:10 +0000 UTC	34.4 GB
276f00868134	localhost/voipmonitor/vllm	gilded-gnosis-v20-r34-spark-sm121-vllm17b78ef-b12xcd3ce19-fi1ac6942-cu132-20260818	2026-08-18 14:57:35 +0000 UTC	25.7 GB
5f4691ed91c9	localhost/voipmonitor/vllm	gilded-gnosis-v20-r34-spark-sm121-vllm9eb28db-b12xcd3ce19-fi1ac6942-cu132-20260817	2026-08-18 02:47:47 +0000 UTC	25.7 GB
69f83ec7efff	localhost/voipmonitor/vllm	gilded-gnosis-v20-r33-spark-sm121-vllm28e8eaf-b12x06db0f4-fi1ac6942-cu132-20260808	2026-08-09 22:19:10 +0000 UTC	25.8 GB
3055794c5160	localhost/voipmonitor/vllm	gilded-gnosis-v20-r33-spark-sm121-vllm44700e3-b12x06db0f4-fi1ac6942-cu132-20260808	2026-08-09 13:40:02 +0000 UTC	25.8 GB
5ac378214692	localhost/voipmonitor/vllm	gilded-gnosis-v20-r28-spark-sm121-vllm47d1950-si200c1db-fi7ad08da-cu132-20260804	2026-08-04 19:12:39 +0000 UTC	25.7 GB
b8b163757819	localhost/voipmonitor/vllm	gilded-gnosis-v20p3p1-spark-sm121-vllm41ae549-si2b9bf2a-fi7ad08da-cu132-20260803	2026-08-03 18:27:13 +0000 UTC	25.7 GB
dfad43d4b2de	localhost/voipmonitor/vllm	gilded-gnosis-v20p3-spark-sm121-vllm92b27a4-si2b9bf2a-fi7ad08da-cu132-20260803	2026-08-03 05:28:03 +0000 UTC	25.7 GB
6c3586c535b7	localhost/voipmonitor/vllm	gilded-gnosis-v20p2-spark-sm121-vllm9e70264-si9c34ff8-fi7ad08da-cu132-20260730	2026-07-31 04:35:10 +0000 UTC	25.7 GB
777bd6bbdfef	localhost/voipmonitor/vllm	gilded-gnosis-v20p2-spark-sm121-vllm6dbe127-si9c34ff8-fi7ad08da-cu132-20260730	2026-07-31 03:31:50 +0000 UTC	25.7 GB
2dc397ccf5dd	localhost/voipmonitor/vllm	gilded-gnosis-v20p1-ds4-spark-sm121-vllm2167295-si6a92bcc-fi7ad08da-cu132-20260722	2026-07-23 00:24:25 +0000 UTC	25.1 GB
54a0d654f021	<none>	<none>	2026-07-23 00:24:25 +0000 UTC	25.1 GB
e312c953d072	<none>	<none>	2026-07-23 00:24:25 +0000 UTC	25.1 GB
e04c09379f14	<none>	<none>	2026-07-23 00:24:25 +0000 UTC	25.1 GB
1d17d497f657	<none>	<none>	2026-07-23 00:24:24 +0000 UTC	25.1 GB
36141fbfabbb	<none>	<none>	2026-07-23 00:24:24 +0000 UTC	25.1 GB
9eec27a5650e	<none>	<none>	2026-07-23 00:24:24 +0000 UTC	25.1 GB
d05d1708a266	<none>	<none>	2026-07-23 00:24:24 +0000 UTC	25.1 GB
b86f34c98822	<none>	<none>	2026-07-23 00:24:24 +0000 UTC	25.1 GB
a86f6a66d8e8	<none>	<none>	2026-07-23 00:24:24 +0000 UTC	25.1 GB
d9009312785e	<none>	<none>	2026-07-23 00:24:24 +0000 UTC	25.1 GB
e1f25edaf34c	<none>	<none>	2026-07-23 00:24:23 +0000 UTC	25.1 GB
5de23fdffb50	<none>	<none>	2026-07-23 00:24:23 +0000 UTC	25.1 GB
74348dd108d7	<none>	<none>	2026-07-23 00:24:23 +0000 UTC	25.1 GB
aeac78aecb61	<none>	<none>	2026-07-23 00:24:23 +0000 UTC	25.1 GB
729536b68b4d	<none>	<none>	2026-07-23 00:24:23 +0000 UTC	25.1 GB
b88e93288082	<none>	<none>	2026-07-23 00:24:23 +0000 UTC	25.1 GB
f1135965480a	<none>	<none>	2026-07-23 00:24:23 +0000 UTC	25.1 GB
dfa5da4e9434	<none>	<none>	2026-07-23 00:24:22 +0000 UTC	25.1 GB
a630742f1b33	<none>	<none>	2026-07-23 00:24:22 +0000 UTC	25.1 GB
399e72bef6bd	<none>	<none>	2026-07-23 00:24:22 +0000 UTC	25.1 GB
1ebc939d91df	<none>	<none>	2026-07-23 00:24:22 +0000 UTC	25.1 GB
3dd83b9d6113	<none>	<none>	2026-07-23 00:24:22 +0000 UTC	25.1 GB
01170bc15be6	<none>	<none>	2026-07-23 00:24:22 +0000 UTC	25.1 GB
1a6b8ade4cc9	<none>	<none>	2026-07-23 00:24:08 +0000 UTC	25.1 GB
97a66609292c	<none>	<none>	2026-07-23 00:24:08 +0000 UTC	25.1 GB
0fb8bc87101d	<none>	<none>	2026-07-23 00:24:08 +0000 UTC	25.1 GB
18030d54781b	<none>	<none>	2026-07-23 00:24:08 +0000 UTC	25.1 GB
941cb5bb7689	<none>	<none>	2026-07-23 00:24:05 +0000 UTC	25.1 GB
581988abd323	<none>	<none>	2026-07-23 00:24:03 +0000 UTC	24.4 GB
bd61ddf81512	<none>	<none>	2026-07-23 00:23:28 +0000 UTC	24.4 GB
ea16789ab810	<none>	<none>	2026-07-23 00:23:27 +0000 UTC	24.4 GB
3c30cf995307	<none>	<none>	2026-07-23 00:23:15 +0000 UTC	24.4 GB
7d36eef5c597	<none>	<none>	2026-07-23 00:23:01 +0000 UTC	22.9 GB
f037bf3b970b	<none>	<none>	2026-07-23 00:23:01 +0000 UTC	22.9 GB
d1af53b1a782	<none>	<none>	2026-07-23 00:23:01 +0000 UTC	22.9 GB
e7bb1596abef	<none>	<none>	2026-07-23 00:23:01 +0000 UTC	22.9 GB
ca12baa3d56d	<none>	<none>	2026-07-23 00:23:01 +0000 UTC	22.9 GB
bf456197bda3	<none>	<none>	2026-07-23 00:23:01 +0000 UTC	22.9 GB
fffa1a2d41a4	<none>	<none>	2026-07-23 00:23:00 +0000 UTC	22.9 GB
b8d626dc954d	<none>	<none>	2026-07-23 00:23:00 +0000 UTC	22.9 GB
21f2e1a5aa91	<none>	<none>	2026-07-23 00:23:00 +0000 UTC	22.9 GB
a7a84a7eec99	<none>	<none>	2026-07-23 00:22:48 +0000 UTC	22.9 GB
62625fda4b55	<none>	<none>	2026-07-23 00:22:00 +0000 UTC	21.2 GB
83c03df2d236	localhost/voipmonitor/vllm	gilded-gnosis-v20p0-ds4-spark-sm121-vllm2167295-si6a92bcc-fi801d57a-cu132-20260722	2026-07-22 19:02:13 +0000 UTC	25.1 GB
8303328c1250	<none>	<none>	2026-07-22 19:02:13 +0000 UTC	25.1 GB
b07e1e73185a	<none>	<none>	2026-07-22 19:02:13 +0000 UTC	25.1 GB
2b12d308501f	<none>	<none>	2026-07-22 19:02:13 +0000 UTC	25.1 GB
979f0a2f4a38	<none>	<none>	2026-07-22 19:02:13 +0000 UTC	25.1 GB
577f8a3ceb46	<none>	<none>	2026-07-22 19:02:12 +0000 UTC	25.1 GB
6afc10266c26	<none>	<none>	2026-07-22 19:02:12 +0000 UTC	25.1 GB
57a0fc67c942	<none>	<none>	2026-07-22 19:02:12 +0000 UTC	25.1 GB
e05640874eac	<none>	<none>	2026-07-22 19:02:12 +0000 UTC	25.1 GB
4f1683538287	<none>	<none>	2026-07-22 19:02:12 +0000 UTC	25.1 GB
4fd0fb8caad6	<none>	<none>	2026-07-22 19:02:12 +0000 UTC	25.1 GB
afa3823d37f2	<none>	<none>	2026-07-22 19:02:12 +0000 UTC	25.1 GB
75e53c4a25f3	<none>	<none>	2026-07-22 19:02:11 +0000 UTC	25.1 GB
4a84d89f117f	<none>	<none>	2026-07-22 19:02:11 +0000 UTC	25.1 GB
dddf7bf8c93e	<none>	<none>	2026-07-22 19:02:11 +0000 UTC	25.1 GB
773e25f1aed5	<none>	<none>	2026-07-22 19:02:11 +0000 UTC	25.1 GB
cb5a752cf1e3	<none>	<none>	2026-07-22 19:02:11 +0000 UTC	25.1 GB
5386e9dabb42	<none>	<none>	2026-07-22 19:02:11 +0000 UTC	25.1 GB
551fd2682a2e	<none>	<none>	2026-07-22 19:02:11 +0000 UTC	25.1 GB
95e80790a798	<none>	<none>	2026-07-22 19:02:10 +0000 UTC	25.1 GB
730c3b62a5ee	<none>	<none>	2026-07-22 19:02:10 +0000 UTC	25.1 GB
20cae4d4ee7f	<none>	<none>	2026-07-22 19:02:10 +0000 UTC	25.1 GB
a613cd068725	<none>	<none>	2026-07-22 19:02:10 +0000 UTC	25.1 GB
ae07c1774efb	<none>	<none>	2026-07-22 19:02:10 +0000 UTC	25.1 GB
5fd070c4633d	<none>	<none>	2026-07-22 19:01:57 +0000 UTC	25.1 GB
9fae2073b47e	<none>	<none>	2026-07-22 19:01:57 +0000 UTC	25.1 GB
634f27186239	<none>	<none>	2026-07-22 19:01:57 +0000 UTC	25.1 GB
f9374f690446	<none>	<none>	2026-07-22 19:01:57 +0000 UTC	25.1 GB
71d6c6d81a13	<none>	<none>	2026-07-22 19:01:54 +0000 UTC	25.1 GB
93d5b2473c53	<none>	<none>	2026-07-22 19:01:51 +0000 UTC	24.4 GB
8d3b0b7032dd	<none>	<none>	2026-07-22 19:01:13 +0000 UTC	24.4 GB
03946cd356cc	<none>	<none>	2026-07-22 19:01:12 +0000 UTC	24.4 GB
00ff7beedb12	<none>	<none>	2026-07-22 19:01:00 +0000 UTC	24.4 GB
8ddbe391a50c	<none>	<none>	2026-07-22 19:00:43 +0000 UTC	22.9 GB
401d4d1db62d	<none>	<none>	2026-07-22 19:00:43 +0000 UTC	22.9 GB
17f490622f48	<none>	<none>	2026-07-22 19:00:43 +0000 UTC	22.9 GB
593ddf9b9f89	<none>	<none>	2026-07-22 19:00:43 +0000 UTC	22.9 GB
253df6869a14	<none>	<none>	2026-07-22 19:00:43 +0000 UTC	22.9 GB
d0e28f2e0e23	<none>	<none>	2026-07-22 19:00:43 +0000 UTC	22.9 GB
f8c70a8b0028	<none>	<none>	2026-07-22 19:00:43 +0000 UTC	22.9 GB
ad043d19bd1c	<none>	<none>	2026-07-22 19:00:42 +0000 UTC	22.9 GB
64abdcc77387	<none>	<none>	2026-07-22 19:00:42 +0000 UTC	22.9 GB
9e9de0d4fb55	<none>	<none>	2026-07-22 19:00:30 +0000 UTC	22.9 GB
529e9ccc74d5	<none>	<none>	2026-07-22 18:59:42 +0000 UTC	21.2 GB
e17c0d62009c	localhost/voipmonitor/vllm	gilded-gnosis-v19-dspark-spark-sm121-vllm371085e-b12xc7dc733-fice40d25-cu132-20260719	2026-07-19 14:11:37 +0000 UTC	25.1 GB
4e2402ee368e	<none>	<none>	2026-07-19 14:11:37 +0000 UTC	25.1 GB
f008b94b1bff	<none>	<none>	2026-07-19 14:11:37 +0000 UTC	25.1 GB
70d05630b1b8	<none>	<none>	2026-07-19 14:11:37 +0000 UTC	25.1 GB
495cfed363ad	<none>	<none>	2026-07-19 14:11:37 +0000 UTC	25.1 GB
f8b8d533fc9f	<none>	<none>	2026-07-19 14:11:37 +0000 UTC	25.1 GB
5088f5410f3f	<none>	<none>	2026-07-19 14:11:36 +0000 UTC	25.1 GB
4cc74da88fad	<none>	<none>	2026-07-19 14:11:36 +0000 UTC	25.1 GB
b243c6656489	<none>	<none>	2026-07-19 14:11:36 +0000 UTC	25.1 GB
3ded55c2c4b2	<none>	<none>	2026-07-19 14:11:36 +0000 UTC	25.1 GB
fee5a09bbe5c	<none>	<none>	2026-07-19 14:11:36 +0000 UTC	25.1 GB
1509b261a997	<none>	<none>	2026-07-19 14:11:36 +0000 UTC	25.1 GB
4949c9de29ac	<none>	<none>	2026-07-19 14:11:36 +0000 UTC	25.1 GB
647298f815a3	<none>	<none>	2026-07-19 14:11:35 +0000 UTC	25.1 GB
e3d09f7c470a	<none>	<none>	2026-07-19 14:11:35 +0000 UTC	25.1 GB
11320c8f9302	<none>	<none>	2026-07-19 14:11:35 +0000 UTC	25.1 GB
4175de186dfa	<none>	<none>	2026-07-19 14:11:35 +0000 UTC	25.1 GB
c03886189b89	<none>	<none>	2026-07-19 14:11:35 +0000 UTC	25.1 GB
0e0b57209252	<none>	<none>	2026-07-19 14:11:35 +0000 UTC	25.1 GB
a51b6acf233b	<none>	<none>	2026-07-19 14:11:35 +0000 UTC	25.1 GB
90a2563ae687	<none>	<none>	2026-07-19 14:11:35 +0000 UTC	25.1 GB
dc9be47d9b38	<none>	<none>	2026-07-19 14:11:34 +0000 UTC	25.1 GB
a4d1cbbadeb1	<none>	<none>	2026-07-19 14:11:34 +0000 UTC	25.1 GB
36007a609e31	<none>	<none>	2026-07-19 14:11:34 +0000 UTC	25.1 GB
c7be95cf5798	<none>	<none>	2026-07-19 14:11:21 +0000 UTC	25.1 GB
74efed0e42c5	<none>	<none>	2026-07-19 14:11:21 +0000 UTC	25.1 GB
5acec919e431	<none>	<none>	2026-07-19 14:11:21 +0000 UTC	25.1 GB
91d6f5a8aa20	<none>	<none>	2026-07-19 14:11:20 +0000 UTC	25.1 GB
8a5a17678598	<none>	<none>	2026-07-19 14:11:17 +0000 UTC	25.1 GB
c74d87204aba	<none>	<none>	2026-07-19 14:11:15 +0000 UTC	24.4 GB
8a81e7b8db8a	<none>	<none>	2026-07-19 14:10:38 +0000 UTC	24.4 GB
4b38f3e6717a	<none>	<none>	2026-07-19 14:10:37 +0000 UTC	24.4 GB
17d9bd64c5de	<none>	<none>	2026-07-19 14:10:25 +0000 UTC	24.4 GB
84869d54efe8	<none>	<none>	2026-07-19 14:10:09 +0000 UTC	22.9 GB
a1c2d299ca45	<none>	<none>	2026-07-19 14:10:09 +0000 UTC	22.9 GB
b4fc669a80c7	<none>	<none>	2026-07-19 14:10:09 +0000 UTC	22.9 GB
2c776defd531	<none>	<none>	2026-07-19 14:10:09 +0000 UTC	22.9 GB
4b011ce75d66	<none>	<none>	2026-07-19 14:10:09 +0000 UTC	22.9 GB
ef64d8509cf7	<none>	<none>	2026-07-19 14:10:09 +0000 UTC	22.9 GB
8bc44e7c8dcd	<none>	<none>	2026-07-19 14:10:08 +0000 UTC	22.9 GB
31b4d0485b9d	<none>	<none>	2026-07-19 14:10:08 +0000 UTC	22.9 GB
5699b57891bf	<none>	<none>	2026-07-19 14:10:08 +0000 UTC	22.9 GB
ccc4a2887e19	<none>	<none>	2026-07-19 14:09:56 +0000 UTC	22.9 GB
3f80c221d68f	<none>	<none>	2026-07-19 14:09:07 +0000 UTC	21.2 GB
8066e56a642f	<none>	<none>	2026-07-19 13:34:21 +0000 UTC	26.7 GB
78921c9954d2	<none>	<none>	2026-07-19 13:34:11 +0000 UTC	26.7 GB
340f4bfc1cc2	<none>	<none>	2026-07-19 13:34:03 +0000 UTC	25.4 GB
d81a9a1d2aa7	<none>	<none>	2026-07-19 13:33:58 +0000 UTC	25.4 GB
30b5d2083300	<none>	<none>	2026-07-19 13:33:49 +0000 UTC	25.4 GB
da8038597c05	<none>	<none>	2026-07-19 13:33:20 +0000 UTC	24 GB
c4a1d51d68f9	<none>	<none>	2026-07-19 13:33:13 +0000 UTC	23.8 GB
0896558d5fe4	<none>	<none>	2026-07-19 13:33:13 +0000 UTC	23.8 GB
9071ce0d5bd0	<none>	<none>	2026-07-19 13:33:13 +0000 UTC	23.8 GB
fd60586ae6ef	<none>	<none>	2026-07-19 13:33:13 +0000 UTC	23.8 GB
1f1ef9f0baff	<none>	<none>	2026-07-19 13:33:12 +0000 UTC	23.8 GB
07492952305c	<none>	<none>	2026-07-19 13:33:12 +0000 UTC	23.8 GB
ad8437ccd78f	<none>	<none>	2026-07-19 13:33:12 +0000 UTC	23.8 GB
386271c1d377	<none>	<none>	2026-07-19 13:33:12 +0000 UTC	23.8 GB
6fc29169a4ac	<none>	<none>	2026-07-19 13:33:12 +0000 UTC	23.8 GB
ab39b3c6ffd7	<none>	<none>	2026-07-19 13:33:12 +0000 UTC	23.8 GB
d7708c3efc4c	<none>	<none>	2026-07-19 13:33:12 +0000 UTC	23.8 GB
f3e00e93c2eb	<none>	<none>	2026-07-19 13:33:11 +0000 UTC	23.8 GB
b43fd2c40a8c	<none>	<none>	2026-07-19 13:33:11 +0000 UTC	23.8 GB
2b31008af047	<none>	<none>	2026-07-19 13:33:11 +0000 UTC	23.8 GB
33008a074452	<none>	<none>	2026-07-19 13:33:11 +0000 UTC	23.8 GB
8c51bb706198	<none>	<none>	2026-07-19 13:33:11 +0000 UTC	23.8 GB
b2f8153e719b	<none>	<none>	2026-07-19 13:33:11 +0000 UTC	23.8 GB
e7e2fe5d8ef7	<none>	<none>	2026-07-19 13:33:11 +0000 UTC	23.8 GB
1e45c7302be0	<none>	<none>	2026-07-19 13:33:11 +0000 UTC	23.8 GB
cabf564ea020	<none>	<none>	2026-07-19 13:33:10 +0000 UTC	23.8 GB
e903a279ff6c	<none>	<none>	2026-07-19 13:33:06 +0000 UTC	23.8 GB
9863c4af8691	<none>	<none>	2026-07-19 13:33:06 +0000 UTC	23.8 GB
c19fbc056095	<none>	<none>	2026-07-19 13:33:06 +0000 UTC	23.8 GB
c5797964991e	<none>	<none>	2026-07-19 13:33:06 +0000 UTC	23.8 GB
971a712c3af6	<none>	<none>	2026-07-19 13:33:06 +0000 UTC	23.8 GB
9e496f042f94	<none>	<none>	2026-07-19 13:33:06 +0000 UTC	23.8 GB
1a400609a82e	<none>	<none>	2026-07-19 13:33:05 +0000 UTC	23.8 GB
1b691f522a38	<none>	<none>	2026-07-19 13:32:23 +0000 UTC	23.7 GB
367256cdb426	<none>	<none>	2026-07-19 13:32:23 +0000 UTC	23.7 GB
9eb46bb7fff6	<none>	<none>	2026-07-19 13:32:23 +0000 UTC	23.7 GB
ad2b9b21c9cb	<none>	<none>	2026-07-19 13:32:23 +0000 UTC	23.7 GB
f9ae2322ef1f	<none>	<none>	2026-07-19 13:32:23 +0000 UTC	23.7 GB
8d55b5b55edb	<none>	<none>	2026-07-19 13:32:23 +0000 UTC	23.7 GB
41e65559fb73	<none>	<none>	2026-07-19 13:31:48 +0000 UTC	23.7 GB
4f63d9e2ec2f	<none>	<none>	2026-07-19 13:01:28 +0000 UTC	19.1 GB
db997d3c0888	<none>	<none>	2026-07-19 13:01:28 +0000 UTC	19.1 GB
6d4c6b6bf6cd	<none>	<none>	2026-07-19 13:01:26 +0000 UTC	19.1 GB
f40ca5ae77d5	<none>	<none>	2026-07-19 13:01:20 +0000 UTC	19.1 GB
108f3248eb12	<none>	<none>	2026-07-19 13:01:14 +0000 UTC	18.9 GB
8ebd8cb61fce	<none>	<none>	2026-07-19 13:01:14 +0000 UTC	18.9 GB
b80bbb249078	<none>	<none>	2026-07-19 13:01:13 +0000 UTC	18.9 GB
13948c184300	<none>	<none>	2026-07-19 13:01:13 +0000 UTC	18.9 GB
6beb06bc1cad	<none>	<none>	2026-07-19 13:01:13 +0000 UTC	18.9 GB
b4088cdd1ead	<none>	<none>	2026-07-19 13:01:13 +0000 UTC	18.9 GB
f68e3bae46dd	<none>	<none>	2026-07-19 13:01:13 +0000 UTC	18.9 GB
47547558f9d8	<none>	<none>	2026-07-19 13:01:13 +0000 UTC	18.9 GB
d59968820477	<none>	<none>	2026-07-19 13:01:13 +0000 UTC	18.9 GB
87ad152ac326	<none>	<none>	2026-07-19 13:01:12 +0000 UTC	18.9 GB
173d335f6dbb	<none>	<none>	2026-07-19 13:01:12 +0000 UTC	18.9 GB
ebfd0276b81d	<none>	<none>	2026-07-19 13:01:12 +0000 UTC	18.9 GB
dbe3f1ff30a9	<none>	<none>	2026-07-19 13:01:12 +0000 UTC	18.9 GB
7838622aa4f4	<none>	<none>	2026-07-19 13:01:12 +0000 UTC	18.9 GB
1cc876901bfb	localhost/voipmonitor/vllm	gilded-gnosis-v18p5-quantfix-spark-sm121-vllm4966149-b12x6b10833-fi7ad08da-cu132-20260718	2026-07-19 02:26:08 +0000 UTC	24.6 GB
e1cc9671a403	<none>	<none>	2026-07-19 02:26:08 +0000 UTC	24.6 GB
8a868bc8c8dd	<none>	<none>	2026-07-19 02:26:08 +0000 UTC	24.6 GB
e1200d30c620	<none>	<none>	2026-07-19 02:26:08 +0000 UTC	24.6 GB
a4da10b8472d	<none>	<none>	2026-07-19 02:26:07 +0000 UTC	24.6 GB
f13e48540283	<none>	<none>	2026-07-19 02:26:07 +0000 UTC	24.6 GB
b168a27c19bd	<none>	<none>	2026-07-19 02:26:07 +0000 UTC	24.6 GB
f79239730cdf	<none>	<none>	2026-07-19 02:26:07 +0000 UTC	24.6 GB
c6af33998f94	<none>	<none>	2026-07-19 02:26:07 +0000 UTC	24.6 GB
8a45ab844121	<none>	<none>	2026-07-19 02:26:07 +0000 UTC	24.6 GB
600ef81c2e19	<none>	<none>	2026-07-19 02:26:07 +0000 UTC	24.6 GB
b845f5219af9	<none>	<none>	2026-07-19 02:26:06 +0000 UTC	24.6 GB
cc6062c3a580	<none>	<none>	2026-07-19 02:26:06 +0000 UTC	24.6 GB
49f9c6926ab1	<none>	<none>	2026-07-19 02:26:06 +0000 UTC	24.6 GB
76a9ef1e070a	<none>	<none>	2026-07-19 02:26:06 +0000 UTC	24.6 GB
32dbd7e2fbe7	<none>	<none>	2026-07-19 02:26:06 +0000 UTC	24.6 GB
cc3c943585e4	<none>	<none>	2026-07-19 02:26:06 +0000 UTC	24.6 GB
8c6da32f663d	<none>	<none>	2026-07-19 02:26:06 +0000 UTC	24.6 GB
d4fb60195040	<none>	<none>	2026-07-19 02:26:05 +0000 UTC	24.6 GB
4cc6257937f7	<none>	<none>	2026-07-19 02:26:05 +0000 UTC	24.6 GB
22d148f690ec	<none>	<none>	2026-07-19 02:26:05 +0000 UTC	24.6 GB
2aa24311bb70	<none>	<none>	2026-07-19 02:26:05 +0000 UTC	24.6 GB
32dcd29e7f95	<none>	<none>	2026-07-19 02:26:05 +0000 UTC	24.6 GB
74cdd7a2d176	<none>	<none>	2026-07-19 02:26:05 +0000 UTC	24.6 GB
c6c300621766	<none>	<none>	2026-07-19 02:25:51 +0000 UTC	24.6 GB
47901b48f43c	<none>	<none>	2026-07-19 02:25:51 +0000 UTC	24.6 GB
b90d2e6a3b2d	<none>	<none>	2026-07-19 02:25:51 +0000 UTC	24.6 GB
1a2a24f653da	<none>	<none>	2026-07-19 02:25:51 +0000 UTC	24.6 GB
72c28e0aff9c	<none>	<none>	2026-07-19 02:25:48 +0000 UTC	24.6 GB
236c2c629d92	<none>	<none>	2026-07-19 02:25:45 +0000 UTC	23.9 GB
9bfdf9767c6b	<none>	<none>	2026-07-19 02:25:09 +0000 UTC	23.9 GB
6eea3123ab5e	<none>	<none>	2026-07-19 02:25:09 +0000 UTC	23.9 GB
afe2d4cb15e6	<none>	<none>	2026-07-19 02:24:59 +0000 UTC	23.9 GB
98838bf373fb	<none>	<none>	2026-07-19 02:24:47 +0000 UTC	22.6 GB
b7b82346faa6	<none>	<none>	2026-07-19 02:24:47 +0000 UTC	22.6 GB
36661663f366	<none>	<none>	2026-07-19 02:24:47 +0000 UTC	22.6 GB
e00509effb42	<none>	<none>	2026-07-19 02:24:47 +0000 UTC	22.6 GB
3ae2e799f750	<none>	<none>	2026-07-19 02:24:47 +0000 UTC	22.6 GB
463627e903bb	<none>	<none>	2026-07-19 02:24:47 +0000 UTC	22.6 GB
edf59d922fd2	<none>	<none>	2026-07-19 02:24:47 +0000 UTC	22.6 GB
f37b0e573395	<none>	<none>	2026-07-19 02:24:46 +0000 UTC	22.6 GB
f6244d6c09ef	<none>	<none>	2026-07-19 02:24:46 +0000 UTC	22.6 GB
a1566d58d88c	<none>	<none>	2026-07-19 02:24:35 +0000 UTC	22.6 GB
e21484bc958d	<none>	<none>	2026-07-19 02:23:48 +0000 UTC	21.1 GB
fa34c82d5098	localhost/voipmonitor/vllm	gilded-gnosis-v18p4-grid48-spark-sm121-vllmdf7a0b7-b12x6b10833-fi801d57a-cu132-20260718	2026-07-18 22:05:44 +0000 UTC	24.6 GB
be20e4eed7c0	<none>	<none>	2026-07-18 22:05:44 +0000 UTC	24.6 GB
9cea2cd0581b	<none>	<none>	2026-07-18 22:05:44 +0000 UTC	24.6 GB
925d07f433e9	<none>	<none>	2026-07-18 22:05:43 +0000 UTC	24.6 GB
4277f8361d89	<none>	<none>	2026-07-18 22:05:43 +0000 UTC	24.6 GB
fce7d800d306	<none>	<none>	2026-07-18 22:05:43 +0000 UTC	24.6 GB
0156bd141fb7	<none>	<none>	2026-07-18 22:05:43 +0000 UTC	24.6 GB
8a29c0a43ea0	<none>	<none>	2026-07-18 22:05:43 +0000 UTC	24.6 GB
3a111cf55d0f	<none>	<none>	2026-07-18 22:05:43 +0000 UTC	24.6 GB
c8d94e573e61	<none>	<none>	2026-07-18 22:05:43 +0000 UTC	24.6 GB
07dcf999144a	<none>	<none>	2026-07-18 22:05:42 +0000 UTC	24.6 GB
c28adb3c6764	<none>	<none>	2026-07-18 22:05:42 +0000 UTC	24.6 GB
6b1956fcee42	<none>	<none>	2026-07-18 22:05:42 +0000 UTC	24.6 GB
6f54eb7ff593	<none>	<none>	2026-07-18 22:05:42 +0000 UTC	24.6 GB
2df07a6110fe	<none>	<none>	2026-07-18 22:05:42 +0000 UTC	24.6 GB
ba18a506b4a4	<none>	<none>	2026-07-18 22:05:42 +0000 UTC	24.6 GB
a1367d6103c5	<none>	<none>	2026-07-18 22:05:42 +0000 UTC	24.6 GB
4296b83f50a6	<none>	<none>	2026-07-18 22:05:41 +0000 UTC	24.6 GB
78d5317e1412	<none>	<none>	2026-07-18 22:05:41 +0000 UTC	24.6 GB
62cad132d191	<none>	<none>	2026-07-18 22:05:41 +0000 UTC	24.6 GB
779433327fcb	<none>	<none>	2026-07-18 22:05:41 +0000 UTC	24.6 GB
68c671824dc2	<none>	<none>	2026-07-18 22:05:41 +0000 UTC	24.6 GB
27f9dddee124	<none>	<none>	2026-07-18 22:05:41 +0000 UTC	24.6 GB
c2deb0be8e3c	<none>	<none>	2026-07-18 22:05:41 +0000 UTC	24.6 GB
a51f98523ca5	<none>	<none>	2026-07-18 22:05:27 +0000 UTC	24.6 GB
0866d514d81d	<none>	<none>	2026-07-18 22:05:26 +0000 UTC	24.6 GB
09217ef3c68a	<none>	<none>	2026-07-18 22:05:26 +0000 UTC	24.6 GB
afe3dc673bc4	<none>	<none>	2026-07-18 22:05:26 +0000 UTC	24.6 GB
c3a5ac8305ee	<none>	<none>	2026-07-18 22:05:23 +0000 UTC	24.6 GB
d606bd33bd65	<none>	<none>	2026-07-18 22:05:21 +0000 UTC	23.9 GB
137eaca7bd00	<none>	<none>	2026-07-18 22:04:46 +0000 UTC	23.9 GB
64fa05004ea3	<none>	<none>	2026-07-18 22:04:45 +0000 UTC	23.9 GB
9e02ed403e89	<none>	<none>	2026-07-18 22:04:35 +0000 UTC	23.9 GB
29f409bb124c	<none>	<none>	2026-07-18 22:04:23 +0000 UTC	22.6 GB
febb4c67a02b	<none>	<none>	2026-07-18 22:04:23 +0000 UTC	22.6 GB
8eb13ac5bd2c	<none>	<none>	2026-07-18 22:04:23 +0000 UTC	22.6 GB
ec7a0e8a629d	<none>	<none>	2026-07-18 22:04:23 +0000 UTC	22.6 GB
b7f268594297	<none>	<none>	2026-07-18 22:04:23 +0000 UTC	22.6 GB
4967e82fd1dd	<none>	<none>	2026-07-18 22:04:23 +0000 UTC	22.6 GB
bd30fdf0af24	<none>	<none>	2026-07-18 22:04:22 +0000 UTC	22.6 GB
9ec856cba19f	<none>	<none>	2026-07-18 22:04:22 +0000 UTC	22.6 GB
1a9c9bcfe0ac	<none>	<none>	2026-07-18 22:04:22 +0000 UTC	22.6 GB
7198460f9980	<none>	<none>	2026-07-18 22:04:10 +0000 UTC	22.6 GB
d4e2537a7475	<none>	<none>	2026-07-18 22:03:23 +0000 UTC	21.1 GB
59e8fb32bacb	localhost/voipmonitor/vllm	gilded-gnosis-v18p3-spark-sm121-vllm264bce1-b12xbc85ef3-fi801d57a-cu132-20260718	2026-07-18 16:40:34 +0000 UTC	24.6 GB
135287847d51	<none>	<none>	2026-07-18 16:40:34 +0000 UTC	24.6 GB
723132bc2843	<none>	<none>	2026-07-18 16:40:33 +0000 UTC	24.6 GB
132858481974	localhost/voipmonitor/vllm	gilded-gnosis-v18p2-spark-sm121-vllm264bce1-b12xbc85ef3-fi801d57a-cu132-20260718	2026-07-18 15:40:00 +0000 UTC	24.6 GB
ad008b291197	<none>	<none>	2026-07-18 15:40:00 +0000 UTC	24.6 GB
4ecb449528b6	<none>	<none>	2026-07-18 15:39:59 +0000 UTC	24.6 GB
9981bc8eac54	<none>	<none>	2026-07-18 15:39:59 +0000 UTC	24.6 GB
8bd5f03396ea	<none>	<none>	2026-07-18 15:39:59 +0000 UTC	24.6 GB
d04b1ede4758	<none>	<none>	2026-07-18 15:39:59 +0000 UTC	24.6 GB
bc8b79e960dc	<none>	<none>	2026-07-18 15:39:59 +0000 UTC	24.6 GB
cb332b1aa44f	<none>	<none>	2026-07-18 15:39:59 +0000 UTC	24.6 GB
da59fe6202d2	<none>	<none>	2026-07-18 15:39:59 +0000 UTC	24.6 GB
1ee582e064e4	<none>	<none>	2026-07-18 15:39:58 +0000 UTC	24.6 GB
7379b03add9b	<none>	<none>	2026-07-18 15:39:58 +0000 UTC	24.6 GB
9c1bd3048604	<none>	<none>	2026-07-18 15:39:58 +0000 UTC	24.6 GB
c59a3e5b7ec8	<none>	<none>	2026-07-18 15:39:58 +0000 UTC	24.6 GB
94cb179016da	<none>	<none>	2026-07-18 15:39:58 +0000 UTC	24.6 GB
c42950ef3628	<none>	<none>	2026-07-18 15:39:58 +0000 UTC	24.6 GB
a6fe679c2f85	<none>	<none>	2026-07-18 15:39:58 +0000 UTC	24.6 GB
88e0fd27252b	<none>	<none>	2026-07-18 15:39:58 +0000 UTC	24.6 GB
8c68f49f736d	<none>	<none>	2026-07-18 15:39:57 +0000 UTC	24.6 GB
d10505bda915	<none>	<none>	2026-07-18 15:39:57 +0000 UTC	24.6 GB
3d6d7134f8b0	<none>	<none>	2026-07-18 15:39:57 +0000 UTC	24.6 GB
deb9a7cb3d4a	<none>	<none>	2026-07-18 15:39:57 +0000 UTC	24.6 GB
91208c1e36da	<none>	<none>	2026-07-18 15:39:57 +0000 UTC	24.6 GB
096fada8b86c	<none>	<none>	2026-07-18 15:39:57 +0000 UTC	24.6 GB
7021cdce813c	<none>	<none>	2026-07-18 15:39:57 +0000 UTC	24.6 GB
de954bcf7452	<none>	<none>	2026-07-18 15:39:43 +0000 UTC	24.6 GB
fd9b3fc82fe6	<none>	<none>	2026-07-18 15:39:43 +0000 UTC	24.6 GB
113a429dfde3	<none>	<none>	2026-07-18 15:39:42 +0000 UTC	24.6 GB
b431bfe7a3f5	<none>	<none>	2026-07-18 15:39:42 +0000 UTC	24.6 GB
2e9fc03e6ac7	<none>	<none>	2026-07-18 15:39:39 +0000 UTC	24.6 GB
93ba174b3f28	<none>	<none>	2026-07-18 15:39:37 +0000 UTC	23.9 GB
9486457d3e16	<none>	<none>	2026-07-18 15:39:01 +0000 UTC	23.9 GB
fcee2387d018	<none>	<none>	2026-07-18 15:39:00 +0000 UTC	23.9 GB
09dabedd05fd	<none>	<none>	2026-07-18 15:38:50 +0000 UTC	23.9 GB
1a9f47793e68	<none>	<none>	2026-07-18 15:38:39 +0000 UTC	22.6 GB
98a8c03c6fa1	<none>	<none>	2026-07-18 15:38:39 +0000 UTC	22.6 GB
34d5b22ecccf	<none>	<none>	2026-07-18 15:38:39 +0000 UTC	22.6 GB
e295e4d0f868	<none>	<none>	2026-07-18 15:38:38 +0000 UTC	22.6 GB
758c73c6ee1a	<none>	<none>	2026-07-18 15:38:38 +0000 UTC	22.6 GB
0da8982e5411	<none>	<none>	2026-07-18 15:38:38 +0000 UTC	22.6 GB
d0af3f1f2b9a	<none>	<none>	2026-07-18 15:38:38 +0000 UTC	22.6 GB
204befe7b74c	<none>	<none>	2026-07-18 15:38:38 +0000 UTC	22.6 GB
696dcd6d83a5	<none>	<none>	2026-07-18 15:38:37 +0000 UTC	22.6 GB
3877545ff32f	<none>	<none>	2026-07-18 15:38:26 +0000 UTC	22.6 GB
2398228404df	<none>	<none>	2026-07-18 15:37:39 +0000 UTC	21.1 GB
6dee37f8af25	localhost/voipmonitor/vllm	gilded-gnosis-v18p1-spark-sm121-vllm264bce1-b12xbc85ef3-fi801d57a-cu132-20260718	2026-07-18 14:47:44 +0000 UTC	24.6 GB
50322b58b9e0	<none>	<none>	2026-07-18 14:47:44 +0000 UTC	24.6 GB
a2c2dab8ec39	<none>	<none>	2026-07-18 14:47:44 +0000 UTC	24.6 GB
75a5594cd938	<none>	<none>	2026-07-18 14:47:44 +0000 UTC	24.6 GB
abe857bb67ff	<none>	<none>	2026-07-18 14:47:43 +0000 UTC	24.6 GB
112138717892	<none>	<none>	2026-07-18 14:47:43 +0000 UTC	24.6 GB
abda0068f539	<none>	<none>	2026-07-18 14:47:43 +0000 UTC	24.6 GB
a54a711bbabb	<none>	<none>	2026-07-18 14:47:43 +0000 UTC	24.6 GB
7bf50226c3b2	<none>	<none>	2026-07-18 14:47:43 +0000 UTC	24.6 GB
b61d4fc959ca	<none>	<none>	2026-07-18 14:47:43 +0000 UTC	24.6 GB
1fd20e34688a	<none>	<none>	2026-07-18 14:47:43 +0000 UTC	24.6 GB
f2386a3798f6	<none>	<none>	2026-07-18 14:47:43 +0000 UTC	24.6 GB
66dd5589148d	<none>	<none>	2026-07-18 14:47:42 +0000 UTC	24.6 GB
bc7b1108b252	<none>	<none>	2026-07-18 14:47:42 +0000 UTC	24.6 GB
a0eba3762f7a	<none>	<none>	2026-07-18 14:47:42 +0000 UTC	24.6 GB
28ceff850cea	<none>	<none>	2026-07-18 14:47:42 +0000 UTC	24.6 GB
df66e253443c	<none>	<none>	2026-07-18 14:47:42 +0000 UTC	24.6 GB
3544e29be992	<none>	<none>	2026-07-18 14:47:42 +0000 UTC	24.6 GB
83741cd1f1ad	<none>	<none>	2026-07-18 14:47:42 +0000 UTC	24.6 GB
67bbbfce44ca	<none>	<none>	2026-07-18 14:47:41 +0000 UTC	24.6 GB
7b3a95bb3483	<none>	<none>	2026-07-18 14:47:41 +0000 UTC	24.6 GB
4c930b7ee0e7	<none>	<none>	2026-07-18 14:47:41 +0000 UTC	24.6 GB
90fb7f2f5367	<none>	<none>	2026-07-18 14:47:41 +0000 UTC	24.6 GB
5cfb2ba72f73	<none>	<none>	2026-07-18 14:47:41 +0000 UTC	24.6 GB
8c5b91d51207	<none>	<none>	2026-07-18 14:47:27 +0000 UTC	24.6 GB
257b6abf6159	<none>	<none>	2026-07-18 14:47:27 +0000 UTC	24.6 GB
99fce0c3d4e5	<none>	<none>	2026-07-18 14:47:27 +0000 UTC	24.6 GB
7f078287d8ce	<none>	<none>	2026-07-18 14:47:27 +0000 UTC	24.6 GB
501df1b635e9	<none>	<none>	2026-07-18 14:47:24 +0000 UTC	24.6 GB
10823d7aa680	<none>	<none>	2026-07-18 14:47:21 +0000 UTC	23.9 GB
9c1a1adeb276	<none>	<none>	2026-07-18 14:46:46 +0000 UTC	23.9 GB
d27b1db2a748	<none>	<none>	2026-07-18 14:46:45 +0000 UTC	23.9 GB
95c2825c0402	<none>	<none>	2026-07-18 14:46:35 +0000 UTC	23.9 GB
223ef0564671	<none>	<none>	2026-07-18 14:46:24 +0000 UTC	22.6 GB
b3fb47fbcd30	<none>	<none>	2026-07-18 14:46:24 +0000 UTC	22.6 GB
bee7d1973cdd	<none>	<none>	2026-07-18 14:46:24 +0000 UTC	22.6 GB
6da2934202ec	<none>	<none>	2026-07-18 14:46:24 +0000 UTC	22.6 GB
4c586cc0ba16	<none>	<none>	2026-07-18 14:46:24 +0000 UTC	22.6 GB
58df8f692885	<none>	<none>	2026-07-18 14:46:24 +0000 UTC	22.6 GB
4b7b8f7241dd	<none>	<none>	2026-07-18 14:46:23 +0000 UTC	22.6 GB
e83df950a5b4	<none>	<none>	2026-07-18 14:46:23 +0000 UTC	22.6 GB
97730ad71c56	<none>	<none>	2026-07-18 14:46:23 +0000 UTC	22.6 GB
0a7a1e69a407	<none>	<none>	2026-07-18 14:46:11 +0000 UTC	22.6 GB
04a7e1c3857e	<none>	<none>	2026-07-18 14:45:24 +0000 UTC	21.1 GB
a60741b76f22	localhost/voipmonitor/vllm	gilded-gnosis-v18-spark-sm121-vllm264bce1-b12xbc85ef3-fi801d57a-cu132-20260718	2026-07-18 14:02:49 +0000 UTC	24.6 GB
e722f1fae867	<none>	<none>	2026-07-18 14:02:49 +0000 UTC	24.6 GB
89b75b6db903	<none>	<none>	2026-07-18 14:02:49 +0000 UTC	24.6 GB
331d2af0112b	<none>	<none>	2026-07-18 14:02:49 +0000 UTC	24.6 GB
043ee0bfb777	<none>	<none>	2026-07-18 14:02:49 +0000 UTC	24.6 GB
985aa3c4a2a2	<none>	<none>	2026-07-18 14:02:49 +0000 UTC	24.6 GB
6172da051c06	<none>	<none>	2026-07-18 14:02:49 +0000 UTC	24.6 GB
ae96b9bf32b0	<none>	<none>	2026-07-18 14:02:48 +0000 UTC	24.6 GB
c96ef942c91e	<none>	<none>	2026-07-18 14:02:48 +0000 UTC	24.6 GB
ef16d5f5b137	<none>	<none>	2026-07-18 14:02:48 +0000 UTC	24.6 GB
e6dd10979751	<none>	<none>	2026-07-18 14:02:48 +0000 UTC	24.6 GB
5e667165c3bc	<none>	<none>	2026-07-18 14:02:48 +0000 UTC	24.6 GB
bc54f004246b	<none>	<none>	2026-07-18 14:02:48 +0000 UTC	24.6 GB
18c161cb2fc5	<none>	<none>	2026-07-18 14:02:48 +0000 UTC	24.6 GB
186ddf5fd91a	<none>	<none>	2026-07-18 14:02:48 +0000 UTC	24.6 GB
dec03b3a09fc	<none>	<none>	2026-07-18 14:02:47 +0000 UTC	24.6 GB
c07cee14c9cd	<none>	<none>	2026-07-18 14:02:47 +0000 UTC	24.6 GB
e87c11fef49a	<none>	<none>	2026-07-18 14:02:47 +0000 UTC	24.6 GB
f7ab782effa4	<none>	<none>	2026-07-18 14:02:47 +0000 UTC	24.6 GB
5262f0fd7587	<none>	<none>	2026-07-18 14:02:47 +0000 UTC	24.6 GB
d95a60c61d7b	<none>	<none>	2026-07-18 14:02:47 +0000 UTC	24.6 GB
0c0c332dcc10	<none>	<none>	2026-07-18 14:02:47 +0000 UTC	24.6 GB
604c27207634	<none>	<none>	2026-07-18 14:02:47 +0000 UTC	24.6 GB
38e5367dcb77	<none>	<none>	2026-07-18 14:02:46 +0000 UTC	24.6 GB
4c7fba3a9815	<none>	<none>	2026-07-18 14:02:33 +0000 UTC	24.6 GB
907f874d24d2	<none>	<none>	2026-07-18 14:02:32 +0000 UTC	24.6 GB
cb84a1a1d703	<none>	<none>	2026-07-18 14:02:32 +0000 UTC	24.6 GB
4e0c351d0b0f	<none>	<none>	2026-07-18 14:02:32 +0000 UTC	24.6 GB
f2061858ca41	<none>	<none>	2026-07-18 14:02:29 +0000 UTC	24.6 GB
4f66fad0adf2	<none>	<none>	2026-07-18 14:02:27 +0000 UTC	23.9 GB
6aef452f5d59	<none>	<none>	2026-07-18 14:01:52 +0000 UTC	23.9 GB
64df387dde6e	<none>	<none>	2026-07-18 14:01:52 +0000 UTC	23.9 GB
3b5e100aec86	<none>	<none>	2026-07-18 14:01:42 +0000 UTC	23.9 GB
6c5754ad5bdd	<none>	<none>	2026-07-18 14:01:31 +0000 UTC	22.6 GB
8851831068dc	<none>	<none>	2026-07-18 14:01:30 +0000 UTC	22.6 GB
6f4c2f9a11ec	<none>	<none>	2026-07-18 14:01:30 +0000 UTC	22.6 GB
e6993e90faef	<none>	<none>	2026-07-18 14:01:30 +0000 UTC	22.6 GB
a5655c57a32e	<none>	<none>	2026-07-18 14:01:30 +0000 UTC	22.6 GB
8aec3fcffd31	<none>	<none>	2026-07-18 14:01:30 +0000 UTC	22.6 GB
6b097327d7b3	<none>	<none>	2026-07-18 14:01:30 +0000 UTC	22.6 GB
d2d9c9ac7f8b	<none>	<none>	2026-07-18 14:01:29 +0000 UTC	22.6 GB
7b3ba08c9b88	<none>	<none>	2026-07-18 14:01:29 +0000 UTC	22.6 GB
280599510d8d	<none>	<none>	2026-07-18 14:01:18 +0000 UTC	22.6 GB
a719e3d01328	<none>	<none>	2026-07-18 14:00:30 +0000 UTC	21.1 GB
f48058737ff9	localhost/voipmonitor/vllm	fathomless-firmament-v16p3-spark-sm121-vllm6a5a106-b12xfe06f49-fic0700ff-cu132-20260716	2026-07-16 20:55:58 +0000 UTC	24.6 GB
4042b44fa62e	<none>	<none>	2026-07-16 20:55:58 +0000 UTC	24.6 GB
ecb3952b2b07	<none>	<none>	2026-07-16 20:55:58 +0000 UTC	24.6 GB
3e3736e4e09c	<none>	<none>	2026-07-16 20:55:58 +0000 UTC	24.6 GB
3ffee73ad76b	<none>	<none>	2026-07-16 20:55:58 +0000 UTC	24.6 GB
eab450013d7c	<none>	<none>	2026-07-16 20:55:58 +0000 UTC	24.6 GB
f9ee6dea647b	<none>	<none>	2026-07-16 20:55:58 +0000 UTC	24.6 GB
91eb8f084474	<none>	<none>	2026-07-16 20:55:57 +0000 UTC	24.6 GB
c26d77a07c16	<none>	<none>	2026-07-16 20:55:57 +0000 UTC	24.6 GB
c124f334e7b5	<none>	<none>	2026-07-16 20:55:57 +0000 UTC	24.6 GB
c8e8a6ac01db	<none>	<none>	2026-07-16 20:55:57 +0000 UTC	24.6 GB
41f03aa4cd30	<none>	<none>	2026-07-16 20:55:57 +0000 UTC	24.6 GB
e528af6ba1ff	<none>	<none>	2026-07-16 20:55:57 +0000 UTC	24.6 GB
28c8fabb6018	<none>	<none>	2026-07-16 20:55:57 +0000 UTC	24.6 GB
40074d13bffe	<none>	<none>	2026-07-16 20:55:57 +0000 UTC	24.6 GB
2a58f0864a89	<none>	<none>	2026-07-16 20:55:56 +0000 UTC	24.6 GB
99bf7df910c3	<none>	<none>	2026-07-16 20:55:56 +0000 UTC	24.6 GB
edc2a9100ffc	<none>	<none>	2026-07-16 20:55:56 +0000 UTC	24.6 GB
35990aa8f074	<none>	<none>	2026-07-16 20:55:56 +0000 UTC	24.6 GB
e87ddc9a9b8e	<none>	<none>	2026-07-16 20:55:56 +0000 UTC	24.6 GB
296c747e4314	<none>	<none>	2026-07-16 20:55:56 +0000 UTC	24.6 GB
426836bb80d3	<none>	<none>	2026-07-16 20:55:56 +0000 UTC	24.6 GB
d732a4272efa	<none>	<none>	2026-07-16 20:55:56 +0000 UTC	24.6 GB
f426bc8f78f1	<none>	<none>	2026-07-16 20:55:55 +0000 UTC	24.6 GB
e47102e35c95	<none>	<none>	2026-07-16 20:55:42 +0000 UTC	24.6 GB
46186012b494	<none>	<none>	2026-07-16 20:55:41 +0000 UTC	24.6 GB
3a4216cec1d7	<none>	<none>	2026-07-16 20:55:41 +0000 UTC	24.6 GB
014f9bce8a9b	<none>	<none>	2026-07-16 20:55:41 +0000 UTC	24.6 GB
4d72422ff754	<none>	<none>	2026-07-16 20:55:38 +0000 UTC	24.6 GB
05eb3b8dca5b	<none>	<none>	2026-07-16 20:55:36 +0000 UTC	23.9 GB
c669e63bf1cd	<none>	<none>	2026-07-16 20:54:59 +0000 UTC	23.9 GB
cd68bf349419	<none>	<none>	2026-07-16 20:54:59 +0000 UTC	23.9 GB
e94867076732	<none>	<none>	2026-07-16 20:54:49 +0000 UTC	23.9 GB
79e7223064b8	<none>	<none>	2026-07-16 20:54:38 +0000 UTC	22.6 GB
1da0375c2c3a	<none>	<none>	2026-07-16 20:54:38 +0000 UTC	22.6 GB
0b79c9ea6d07	<none>	<none>	2026-07-16 20:54:38 +0000 UTC	22.6 GB
c36a64b700a1	<none>	<none>	2026-07-16 20:54:38 +0000 UTC	22.6 GB
c8da499f3d73	<none>	<none>	2026-07-16 20:54:37 +0000 UTC	22.6 GB
446922818157	<none>	<none>	2026-07-16 20:54:37 +0000 UTC	22.6 GB
b9ffd65901d3	<none>	<none>	2026-07-16 20:54:37 +0000 UTC	22.6 GB
bc7043e32541	<none>	<none>	2026-07-16 20:54:37 +0000 UTC	22.6 GB
9650149a6807	<none>	<none>	2026-07-16 20:54:36 +0000 UTC	22.6 GB
ebb6c82d50e0	<none>	<none>	2026-07-16 20:54:25 +0000 UTC	22.6 GB
33284cc66fdf	<none>	<none>	2026-07-16 20:53:38 +0000 UTC	21.1 GB
4a062ad1cb95	localhost/voipmonitor/vllm	fathomless-firmament-v16p2-spark-sm121-vllm8f86f42-b12x1bcc652-fi3245a18-cu132-20260716	2026-07-16 16:15:05 +0000 UTC	24.6 GB
e62ee4038edf	<none>	<none>	2026-07-16 16:15:04 +0000 UTC	24.6 GB
e8bccab79449	<none>	<none>	2026-07-16 16:15:04 +0000 UTC	24.6 GB
4c71a55c73ee	<none>	<none>	2026-07-16 16:15:04 +0000 UTC	24.6 GB
80e9a304e2ed	<none>	<none>	2026-07-16 16:15:04 +0000 UTC	24.6 GB
9f909ff10014	<none>	<none>	2026-07-16 16:15:04 +0000 UTC	24.6 GB
2221cd2c7ddd	<none>	<none>	2026-07-16 16:15:04 +0000 UTC	24.6 GB
33c43d85b110	<none>	<none>	2026-07-16 16:15:04 +0000 UTC	24.6 GB
f4f6e7fa0a98	<none>	<none>	2026-07-16 16:15:04 +0000 UTC	24.6 GB
fd256434f2de	<none>	<none>	2026-07-16 16:15:03 +0000 UTC	24.6 GB
13ab8967a981	<none>	<none>	2026-07-16 16:15:03 +0000 UTC	24.6 GB
a7037b9ca49c	<none>	<none>	2026-07-16 16:15:03 +0000 UTC	24.6 GB
e17abff598d5	<none>	<none>	2026-07-16 16:15:03 +0000 UTC	24.6 GB
ab5d8d376dd4	<none>	<none>	2026-07-16 16:15:03 +0000 UTC	24.6 GB
e4fbbf427577	<none>	<none>	2026-07-16 16:15:03 +0000 UTC	24.6 GB
d821139faaa8	<none>	<none>	2026-07-16 16:15:03 +0000 UTC	24.6 GB
435d9a310f9f	<none>	<none>	2026-07-16 16:15:03 +0000 UTC	24.6 GB
586eb26385a4	<none>	<none>	2026-07-16 16:15:02 +0000 UTC	24.6 GB
8e55b36ed691	<none>	<none>	2026-07-16 16:15:02 +0000 UTC	24.6 GB
a9d501c1225a	<none>	<none>	2026-07-16 16:15:02 +0000 UTC	24.6 GB
bb329bf70f31	<none>	<none>	2026-07-16 16:15:02 +0000 UTC	24.6 GB
d84c1672a01c	<none>	<none>	2026-07-16 16:15:02 +0000 UTC	24.6 GB
3da42acdf937	<none>	<none>	2026-07-16 16:15:02 +0000 UTC	24.6 GB
740e74fbcf1b	<none>	<none>	2026-07-16 16:15:02 +0000 UTC	24.6 GB
8dca8c71d9a3	<none>	<none>	2026-07-16 16:14:48 +0000 UTC	24.6 GB
2fc3435f2d2c	<none>	<none>	2026-07-16 16:14:48 +0000 UTC	24.6 GB
acf68c2eec10	<none>	<none>	2026-07-16 16:14:48 +0000 UTC	24.6 GB
843be3d0809a	<none>	<none>	2026-07-16 16:14:47 +0000 UTC	24.6 GB
244577059271	<none>	<none>	2026-07-16 16:14:44 +0000 UTC	24.6 GB
ab68670ac51a	<none>	<none>	2026-07-16 16:14:42 +0000 UTC	23.9 GB
31f71f546448	<none>	<none>	2026-07-16 16:14:06 +0000 UTC	23.9 GB
3f68eeaf3a9f	<none>	<none>	2026-07-16 16:14:05 +0000 UTC	23.9 GB
acb8b51b9283	<none>	<none>	2026-07-16 16:13:55 +0000 UTC	23.9 GB
ad4c3a2e9d86	<none>	<none>	2026-07-16 16:13:45 +0000 UTC	22.6 GB
057ff7f73a99	<none>	<none>	2026-07-16 16:13:44 +0000 UTC	22.6 GB
9f28ec4cafd6	<none>	<none>	2026-07-16 16:13:44 +0000 UTC	22.6 GB
7ca507861928	<none>	<none>	2026-07-16 16:13:44 +0000 UTC	22.6 GB
1389e1556492	<none>	<none>	2026-07-16 16:13:44 +0000 UTC	22.6 GB
6a7a25acae2d	<none>	<none>	2026-07-16 16:13:44 +0000 UTC	22.6 GB
770bfa78e0c8	<none>	<none>	2026-07-16 16:13:44 +0000 UTC	22.6 GB
9c894a318879	<none>	<none>	2026-07-16 16:13:43 +0000 UTC	22.6 GB
02dbc2fa2569	<none>	<none>	2026-07-16 16:13:43 +0000 UTC	22.6 GB
09dcab663cb6	<none>	<none>	2026-07-16 16:13:32 +0000 UTC	22.6 GB
5552c0367f5c	<none>	<none>	2026-07-16 16:12:45 +0000 UTC	21.1 GB
4cec256d3b2a	localhost/voipmonitor/vllm	fathomless-firmament-v16p1-spark-sm121-vllm8f86f42-b12x1bcc652-fi801d57a-cu132-20260716	2026-07-16 14:00:02 +0000 UTC	24.6 GB
7b2a8e92ccb0	<none>	<none>	2026-07-16 14:00:02 +0000 UTC	24.6 GB
e89055b8ec4d	<none>	<none>	2026-07-16 14:00:02 +0000 UTC	24.6 GB
00c2ee4b43f0	<none>	<none>	2026-07-16 14:00:01 +0000 UTC	24.6 GB
1d229938a80e	<none>	<none>	2026-07-16 14:00:01 +0000 UTC	24.6 GB
063c4adda1dd	<none>	<none>	2026-07-16 14:00:01 +0000 UTC	24.6 GB
969208a1b1b1	<none>	<none>	2026-07-16 14:00:01 +0000 UTC	24.6 GB
8aa87bf6c608	<none>	<none>	2026-07-16 14:00:01 +0000 UTC	24.6 GB
328b61cfab32	<none>	<none>	2026-07-16 14:00:01 +0000 UTC	24.6 GB
93fe9e01273c	<none>	<none>	2026-07-16 14:00:01 +0000 UTC	24.6 GB
5cfde0c077f7	<none>	<none>	2026-07-16 14:00:01 +0000 UTC	24.6 GB
fabef5a14ee3	<none>	<none>	2026-07-16 14:00:00 +0000 UTC	24.6 GB
9884f01ef5a5	<none>	<none>	2026-07-16 14:00:00 +0000 UTC	24.6 GB
182621958e2c	<none>	<none>	2026-07-16 14:00:00 +0000 UTC	24.6 GB
582e20a89656	<none>	<none>	2026-07-16 14:00:00 +0000 UTC	24.6 GB
db1498a6b366	<none>	<none>	2026-07-16 14:00:00 +0000 UTC	24.6 GB
7d04766793a3	<none>	<none>	2026-07-16 14:00:00 +0000 UTC	24.6 GB
dcc7474ede3d	<none>	<none>	2026-07-16 14:00:00 +0000 UTC	24.6 GB
772b4b0d26c9	<none>	<none>	2026-07-16 14:00:00 +0000 UTC	24.6 GB
15c4c290eac0	<none>	<none>	2026-07-16 14:00:00 +0000 UTC	24.6 GB
65155139f6ea	<none>	<none>	2026-07-16 13:59:59 +0000 UTC	24.6 GB
02efe5a6431c	<none>	<none>	2026-07-16 13:59:59 +0000 UTC	24.6 GB
95bc63ddde12	<none>	<none>	2026-07-16 13:59:59 +0000 UTC	24.6 GB
5608019ff1e1	<none>	<none>	2026-07-16 13:59:59 +0000 UTC	24.6 GB
7c1bd7edf358	<none>	<none>	2026-07-16 13:59:45 +0000 UTC	24.6 GB
7b4c17b95c3c	<none>	<none>	2026-07-16 13:59:45 +0000 UTC	24.6 GB
f60477751821	<none>	<none>	2026-07-16 13:59:45 +0000 UTC	24.6 GB
3781e215de7d	<none>	<none>	2026-07-16 13:59:45 +0000 UTC	24.6 GB
cd1dc0bf1f1d	<none>	<none>	2026-07-16 13:59:42 +0000 UTC	24.6 GB
2751c51f12b4	<none>	<none>	2026-07-16 13:59:39 +0000 UTC	23.9 GB
89aa5af152e6	<none>	<none>	2026-07-16 13:59:04 +0000 UTC	23.9 GB
23f9e06a89d4	<none>	<none>	2026-07-16 13:59:04 +0000 UTC	23.9 GB
d7f18c3ec12a	<none>	<none>	2026-07-16 13:58:54 +0000 UTC	23.9 GB
7f1d207f55a4	<none>	<none>	2026-07-16 13:58:42 +0000 UTC	22.6 GB
12dd2a354be4	<none>	<none>	2026-07-16 13:58:42 +0000 UTC	22.6 GB
c987fef2f30d	<none>	<none>	2026-07-16 13:58:42 +0000 UTC	22.6 GB
1c6ffe1a93a6	<none>	<none>	2026-07-16 13:58:42 +0000 UTC	22.6 GB
950540b1c584	<none>	<none>	2026-07-16 13:58:42 +0000 UTC	22.6 GB
14c053e85174	<none>	<none>	2026-07-16 13:58:42 +0000 UTC	22.6 GB
672261e61157	<none>	<none>	2026-07-16 13:58:41 +0000 UTC	22.6 GB
292a046b64be	<none>	<none>	2026-07-16 13:58:41 +0000 UTC	22.6 GB
7ad7d69688cb	<none>	<none>	2026-07-16 13:58:41 +0000 UTC	22.6 GB
b1c28f11ee47	<none>	<none>	2026-07-16 13:58:30 +0000 UTC	22.6 GB
5ff741b83d99	<none>	<none>	2026-07-16 13:57:42 +0000 UTC	21.1 GB
b691691f4644	localhost/voipmonitor/vllm	spark-sm121-cu132-build-base-20260708	2026-07-08 22:34:33 +0000 UTC	18.9 GB
515a75de3a9d	<none>	<none>	2026-07-08 22:34:33 +0000 UTC	18.9 GB
881356b164be	<none>	<none>	2026-07-08 22:34:33 +0000 UTC	18.9 GB
13dbcaa95e9b	<none>	<none>	2026-07-08 22:34:33 +0000 UTC	18.9 GB
f47bd9db5ac6	<none>	<none>	2026-07-08 22:34:33 +0000 UTC	18.9 GB
67392eb4bf55	<none>	<none>	2026-07-08 22:34:32 +0000 UTC	18.9 GB
da7db26c2c3b	<none>	<none>	2026-07-08 22:34:29 +0000 UTC	18.9 GB
c1691db2c408	<none>	<none>	2026-07-08 22:34:28 +0000 UTC	18.2 GB
d1f7833c57e3	<none>	<none>	2026-07-08 22:34:27 +0000 UTC	18.2 GB
5202a6d10584	<none>	<none>	2026-07-08 22:33:57 +0000 UTC	18.2 GB
417cb8ca7bca	<none>	<none>	2026-07-08 22:33:26 +0000 UTC	12.7 GB
ab8484d9d26a	<none>	<none>	2026-07-08 22:33:26 +0000 UTC	12.7 GB
56f18de730d8	<none>	<none>	2026-07-08 22:33:24 +0000 UTC	12.6 GB
696f9c56fe8d	localhost/voipmonitor/vllm	spark-sm121-cu132-system-base-20260708	2026-07-08 22:33:24 +0000 UTC	12.6 GB
489e06553677	<none>	<none>	2026-07-08 22:33:23 +0000 UTC	12.6 GB
cf88d5b0b5bc	<none>	<none>	2026-07-08 22:33:23 +0000 UTC	12.6 GB
1692ceb6b25f	<none>	<none>	2026-07-08 22:33:22 +0000 UTC	12.4 GB
95b5c29c43e8	<none>	<none>	2026-07-08 22:33:22 +0000 UTC	12.4 GB
573a46d82be0	<none>	<none>	2026-07-08 22:32:56 +0000 UTC	12.4 GB
cc6e4a864163	<none>	<none>	2026-07-08 22:29:22 +0000 UTC	7.54 GB
c664b7bea319	<none>	<none>	2026-07-08 22:29:22 +0000 UTC	7.54 GB
13fd58422741	<none>	<none>	2026-07-08 22:29:21 +0000 UTC	7.54 GB
e59b4e7a1cc0	<none>	<none>	2026-07-08 22:29:21 +0000 UTC	7.54 GB
c47df08c1e98	<none>	<none>	2026-07-08 22:29:21 +0000 UTC	7.54 GB
ea008c32e590	<none>	<none>	2026-07-08 22:29:21 +0000 UTC	7.54 GB
5a3fbe4a56f6	<none>	<none>	2026-07-08 22:29:21 +0000 UTC	7.54 GB
8b5b362bd327	<none>	<none>	2026-07-08 22:29:21 +0000 UTC	7.54 GB
27dd470f35a3	docker.io/nvidia/cuda	13.2.1-cudnn-devel-ubuntu24.04	2026-04-17 16:29:13 +0000 UTC	7.54 GB
eea3fe49e8a5	nvcr.io/nvidia/pytorch	<none>	2025-11-08 06:33:30 +0000 UTC	19.7 GB
92bc91097685	docker.io/nvidia/cuda	13.0.2-cudnn-devel-ubuntu24.04	2025-10-10 18:05:36 +0000 UTC	7.05 GB
