56757ca24b13	<none>	2026-09-15 16:33	dangling
a3d17627b567	<none>	2026-09-15 16:33	dangling
d254a9e4289f	<none>	2026-09-15 16:33	dangling
d2b71f02e5c6	<none>	2026-09-15 16:33	dangling
439f62616867	<none>	2026-09-15 16:32	dangling
b31d14149cca	<none>	2026-09-15 16:32	dangling
f335c14f0154	<none>	2026-09-15 16:32	dangling
8e1316d1c3fd	<none>	2026-09-15 16:32	dangling
2c6a890d037b	<none>	2026-09-15 16:32	dangling
0b2252cf89ed	<none>	2026-09-15 16:32	dangling
2aa3ea5d6f5e	<none>	2026-09-15 16:32	dangling
6ff2f9d6d747	<none>	2026-09-15 16:32	dangling
2e327a610ef4	<none>	2026-09-15 16:32	dangling
d8cdd18c50a0	<none>	2026-09-15 16:32	dangling
e6df075918af	<none>	2026-09-15 16:32	dangling
31be6a00cbd9	<none>	2026-09-15 16:32	dangling
d559aa83f9f9	<none>	2026-09-15 16:32	dangling
eb0739cdc7da	<none>	2026-09-15 16:32	dangling
ca0d05983346	<none>	2026-09-15 16:32	dangling
d113e3877777	<none>	2026-09-15 16:32	dangling
0cffec6d1589	<none>	2026-09-15 16:32	dangling
32c3ba375354	<none>	2026-09-15 16:32	dangling
24a236862702	<none>	2026-09-15 16:32	dangling
befa1d01903a	<none>	2026-09-15 16:32	dangling
08e91a3b6301	<none>	2026-09-15 16:32	dangling
61e1c7827eb3	<none>	2026-09-15 16:32	dangling
d379c0be155b	<none>	2026-09-15 16:32	dangling
e5cc211adf93	<none>	2026-09-15 16:31	dangling
28b3bcdf1b47	<none>	2026-09-15 16:31	dangling
112a1dbebc6c	<none>	2026-09-15 16:31	dangling
68a9fa4b513e	<none>	2026-09-15 16:31	dangling
16680ede8b8e	<none>	2026-09-15 16:31	dangling
013e40b333a3	<none>	2026-09-15 16:31	dangling
b9b413141ece	<none>	2026-09-15 16:31	dangling
129d4b9b4cb9	<none>	2026-09-15 16:31	dangling
12ec5cf73645	<none>	2026-09-15 16:04	dangling
90ba300de575	<none>	2026-09-15 16:04	dangling
42384a470240	<none>	2026-09-15 16:04	dangling
c8f161376d86	<none>	2026-09-15 16:04	dangling
52778cedaf91	<none>	2026-09-15 16:04	dangling
47da48bde6e3	<none>	2026-09-12 04:22	dangling
ac599488d3b3	<none>	2026-09-12 04:22	dangling
cb892fbdf439	<none>	2026-09-12 04:20	dangling
bafe67a0c123	<none>	2026-09-12 04:19	dangling
c433fb98684e	<none>	2026-09-12 04:18	dangling
4796d8300f98	localhost/sol-h3-spark/stage1:1992711d52ebccab	2026-09-12 04:18	
09e829016ea3	<none>	2026-09-12 04:18	dangling
d3b3030ef120	<none>	2026-09-12 04:18	dangling
4c91223ee590	<none>	2026-09-12 04:18	dangling
5a4185579b68	<none>	2026-09-12 04:18	dangling
5cdb4f9de1bc	<none>	2026-09-12 04:17	dangling
41e8be31fe9a	<none>	2026-09-12 04:15	dangling
bb57959b31b3	<none>	2026-09-12 03:54	dangling
0bad224f667e	localhost/sol-h3-spark/qwen:4a14585f9da54ac2	2026-09-12 03:54	
b1a7d7923294	<none>	2026-09-12 03:54	dangling
53e4cc0fdd7e	<none>	2026-09-12 03:54	dangling
80c456120860	<none>	2026-09-12 03:53	dangling
9af34d01b9b3	<none>	2026-09-12 03:53	dangling
6da7c57820ba	<none>	2026-09-12 03:53	dangling
4c5992148bb8	localhost/sol-h3-test/qwen-audio-291:20260911	2026-09-12 02:27	
4b08e09960d4	<none>	2026-09-12 02:26	dangling
16b7cae7454c	localhost/sol-h3-test/stage1:20260911	2026-09-12 02:20	
5cc4f0f3d7bc	<none>	2026-09-12 02:20	dangling
1fcd2e93e3d1	<none>	2026-09-12 02:20	dangling
416ac72fb261	<none>	2026-09-12 02:19	dangling
218a6885700f	<none>	2026-09-12 02:19	dangling
1a9b4824460b	<none>	2026-09-12 02:18	dangling
86de1552c097	localhost/sol-h3-test/qwen-audio:20260911	2026-09-12 02:18	
c43a43b2c9bd	localhost/sol-h3-test/qwen:20260911	2026-09-12 02:15	
090417dd627a	<none>	2026-09-12 02:15	dangling
d12d09442b27	<none>	2026-09-12 02:15	dangling
8c78716ac7a8	<none>	2026-09-12 02:14	dangling
18412f00134e	<none>	2026-09-12 02:14	dangling
25ef9135bb22	<none>	2026-09-12 02:14	dangling
bd11383a5464	<none>	2026-09-12 02:14	dangling
8c5645e0cef0	<none>	2026-09-12 02:14	dangling
fe330b7a5d88	localhost/sol-h3-test/stage2-audio-candidate:20260911	2026-09-12 02:12	
54bbdc22fe1b	<none>	2026-09-12 02:09	dangling
0d8dd6d6db79	<none>	2026-09-12 02:09	dangling
b996832d73d3	<none>	2026-09-12 02:09	dangling
8f04ca0407cd	<none>	2026-09-12 02:09	dangling
9dfb6d8d5f38	<none>	2026-09-12 02:08	dangling
46e443b1e6f8	<none>	2026-09-12 02:08	dangling
a45f067f5ba4	localhost/sol-h3-test/stage2:20260911	2026-09-12 02:03	
99bae85d8609	<none>	2026-09-12 02:03	dangling
918a775b543f	<none>	2026-09-12 02:03	dangling
7bd3ed46cf16	<none>	2026-09-12 02:00	dangling
451f304c80fe	<none>	2026-09-12 01:59	dangling
0f0eb0cb66b0	<none>	2026-09-12 01:56	dangling
70b76bbaf221	<none>	2026-09-12 01:56	dangling
a06309516d3d	<none>	2026-09-12 01:56	dangling
e6199c1e053f	<none>	2026-09-12 01:55	dangling
b836434900f7	<none>	2026-09-12 01:55	dangling
b65162ec72e4	ghcr.io/astral-sh/uv:0.12.13	2026-09-10 18:52	
74e53e710bef	localhost/voipmonitor/vllm:jj-r32-spark-sm121	2026-09-10 14:50	
276f00868134	localhost/voipmonitor/vllm:gilded-gnosis-v20-r34-spark-sm121-vllm17b78ef-b12xcd3ce19-fi1ac6942-cu132-20260818	2026-08-18 14:57	
5f4691ed91c9	localhost/voipmonitor/vllm:gilded-gnosis-v20-r34-spark-sm121-vllm9eb28db-b12xcd3ce19-fi1ac6942-cu132-20260817	2026-08-18 02:47	
69f83ec7efff	localhost/voipmonitor/vllm:gilded-gnosis-v20-r33-spark-sm121-vllm28e8eaf-b12x06db0f4-fi1ac6942-cu132-20260808	2026-08-09 22:19	
3055794c5160	localhost/voipmonitor/vllm:gilded-gnosis-v20-r33-spark-sm121-vllm44700e3-b12x06db0f4-fi1ac6942-cu132-20260808	2026-08-09 13:40	
5ac378214692	localhost/voipmonitor/vllm:gilded-gnosis-v20-r28-spark-sm121-vllm47d1950-si200c1db-fi7ad08da-cu132-20260804	2026-08-04 19:12	
b8b163757819	localhost/voipmonitor/vllm:gilded-gnosis-v20p3p1-spark-sm121-vllm41ae549-si2b9bf2a-fi7ad08da-cu132-20260803	2026-08-03 18:27	
dfad43d4b2de	localhost/voipmonitor/vllm:gilded-gnosis-v20p3-spark-sm121-vllm92b27a4-si2b9bf2a-fi7ad08da-cu132-20260803	2026-08-03 05:28	
6c3586c535b7	localhost/voipmonitor/vllm:gilded-gnosis-v20p2-spark-sm121-vllm9e70264-si9c34ff8-fi7ad08da-cu132-20260730	2026-07-31 04:35	
777bd6bbdfef	localhost/voipmonitor/vllm:gilded-gnosis-v20p2-spark-sm121-vllm6dbe127-si9c34ff8-fi7ad08da-cu132-20260730	2026-07-31 03:31	
2dc397ccf5dd	localhost/voipmonitor/vllm:gilded-gnosis-v20p1-ds4-spark-sm121-vllm2167295-si6a92bcc-fi7ad08da-cu132-20260722	2026-07-23 00:24	
54a0d654f021	<none>	2026-07-23 00:24	dangling
e312c953d072	<none>	2026-07-23 00:24	dangling
e04c09379f14	<none>	2026-07-23 00:24	dangling
1d17d497f657	<none>	2026-07-23 00:24	dangling
36141fbfabbb	<none>	2026-07-23 00:24	dangling
9eec27a5650e	<none>	2026-07-23 00:24	dangling
d05d1708a266	<none>	2026-07-23 00:24	dangling
b86f34c98822	<none>	2026-07-23 00:24	dangling
a86f6a66d8e8	<none>	2026-07-23 00:24	dangling
d9009312785e	<none>	2026-07-23 00:24	dangling
e1f25edaf34c	<none>	2026-07-23 00:24	dangling
5de23fdffb50	<none>	2026-07-23 00:24	dangling
74348dd108d7	<none>	2026-07-23 00:24	dangling
aeac78aecb61	<none>	2026-07-23 00:24	dangling
729536b68b4d	<none>	2026-07-23 00:24	dangling
b88e93288082	<none>	2026-07-23 00:24	dangling
f1135965480a	<none>	2026-07-23 00:24	dangling
dfa5da4e9434	<none>	2026-07-23 00:24	dangling
a630742f1b33	<none>	2026-07-23 00:24	dangling
399e72bef6bd	<none>	2026-07-23 00:24	dangling
1ebc939d91df	<none>	2026-07-23 00:24	dangling
3dd83b9d6113	<none>	2026-07-23 00:24	dangling
01170bc15be6	<none>	2026-07-23 00:24	dangling
1a6b8ade4cc9	<none>	2026-07-23 00:24	dangling
97a66609292c	<none>	2026-07-23 00:24	dangling
0fb8bc87101d	<none>	2026-07-23 00:24	dangling
18030d54781b	<none>	2026-07-23 00:24	dangling
941cb5bb7689	<none>	2026-07-23 00:24	dangling
581988abd323	<none>	2026-07-23 00:24	dangling
bd61ddf81512	<none>	2026-07-23 00:23	dangling
ea16789ab810	<none>	2026-07-23 00:23	dangling
3c30cf995307	<none>	2026-07-23 00:23	dangling
7d36eef5c597	<none>	2026-07-23 00:23	dangling
f037bf3b970b	<none>	2026-07-23 00:23	dangling
d1af53b1a782	<none>	2026-07-23 00:23	dangling
e7bb1596abef	<none>	2026-07-23 00:23	dangling
ca12baa3d56d	<none>	2026-07-23 00:23	dangling
bf456197bda3	<none>	2026-07-23 00:23	dangling
fffa1a2d41a4	<none>	2026-07-23 00:23	dangling
b8d626dc954d	<none>	2026-07-23 00:23	dangling
21f2e1a5aa91	<none>	2026-07-23 00:23	dangling
a7a84a7eec99	<none>	2026-07-23 00:22	dangling
62625fda4b55	<none>	2026-07-23 00:22	dangling
83c03df2d236	localhost/voipmonitor/vllm:gilded-gnosis-v20p0-ds4-spark-sm121-vllm2167295-si6a92bcc-fi801d57a-cu132-20260722	2026-07-22 19:02	
8303328c1250	<none>	2026-07-22 19:02	dangling
b07e1e73185a	<none>	2026-07-22 19:02	dangling
2b12d308501f	<none>	2026-07-22 19:02	dangling
979f0a2f4a38	<none>	2026-07-22 19:02	dangling
577f8a3ceb46	<none>	2026-07-22 19:02	dangling
6afc10266c26	<none>	2026-07-22 19:02	dangling
57a0fc67c942	<none>	2026-07-22 19:02	dangling
e05640874eac	<none>	2026-07-22 19:02	dangling
4f1683538287	<none>	2026-07-22 19:02	dangling
4fd0fb8caad6	<none>	2026-07-22 19:02	dangling
afa3823d37f2	<none>	2026-07-22 19:02	dangling
75e53c4a25f3	<none>	2026-07-22 19:02	dangling
4a84d89f117f	<none>	2026-07-22 19:02	dangling
dddf7bf8c93e	<none>	2026-07-22 19:02	dangling
773e25f1aed5	<none>	2026-07-22 19:02	dangling
cb5a752cf1e3	<none>	2026-07-22 19:02	dangling
5386e9dabb42	<none>	2026-07-22 19:02	dangling
551fd2682a2e	<none>	2026-07-22 19:02	dangling
95e80790a798	<none>	2026-07-22 19:02	dangling
730c3b62a5ee	<none>	2026-07-22 19:02	dangling
20cae4d4ee7f	<none>	2026-07-22 19:02	dangling
a613cd068725	<none>	2026-07-22 19:02	dangling
ae07c1774efb	<none>	2026-07-22 19:02	dangling
5fd070c4633d	<none>	2026-07-22 19:01	dangling
9fae2073b47e	<none>	2026-07-22 19:01	dangling
634f27186239	<none>	2026-07-22 19:01	dangling
f9374f690446	<none>	2026-07-22 19:01	dangling
71d6c6d81a13	<none>	2026-07-22 19:01	dangling
93d5b2473c53	<none>	2026-07-22 19:01	dangling
8d3b0b7032dd	<none>	2026-07-22 19:01	dangling
03946cd356cc	<none>	2026-07-22 19:01	dangling
00ff7beedb12	<none>	2026-07-22 19:01	dangling
8ddbe391a50c	<none>	2026-07-22 19:00	dangling
401d4d1db62d	<none>	2026-07-22 19:00	dangling
17f490622f48	<none>	2026-07-22 19:00	dangling
593ddf9b9f89	<none>	2026-07-22 19:00	dangling
253df6869a14	<none>	2026-07-22 19:00	dangling
d0e28f2e0e23	<none>	2026-07-22 19:00	dangling
f8c70a8b0028	<none>	2026-07-22 19:00	dangling
ad043d19bd1c	<none>	2026-07-22 19:00	dangling
64abdcc77387	<none>	2026-07-22 19:00	dangling
9e9de0d4fb55	<none>	2026-07-22 19:00	dangling
529e9ccc74d5	<none>	2026-07-22 18:59	dangling
e17c0d62009c	localhost/voipmonitor/vllm:gilded-gnosis-v19-dspark-spark-sm121-vllm371085e-b12xc7dc733-fice40d25-cu132-20260719	2026-07-19 14:11	
4e2402ee368e	<none>	2026-07-19 14:11	dangling
f008b94b1bff	<none>	2026-07-19 14:11	dangling
70d05630b1b8	<none>	2026-07-19 14:11	dangling
495cfed363ad	<none>	2026-07-19 14:11	dangling
f8b8d533fc9f	<none>	2026-07-19 14:11	dangling
5088f5410f3f	<none>	2026-07-19 14:11	dangling
4cc74da88fad	<none>	2026-07-19 14:11	dangling
b243c6656489	<none>	2026-07-19 14:11	dangling
3ded55c2c4b2	<none>	2026-07-19 14:11	dangling
fee5a09bbe5c	<none>	2026-07-19 14:11	dangling
1509b261a997	<none>	2026-07-19 14:11	dangling
4949c9de29ac	<none>	2026-07-19 14:11	dangling
647298f815a3	<none>	2026-07-19 14:11	dangling
e3d09f7c470a	<none>	2026-07-19 14:11	dangling
11320c8f9302	<none>	2026-07-19 14:11	dangling
4175de186dfa	<none>	2026-07-19 14:11	dangling
c03886189b89	<none>	2026-07-19 14:11	dangling
0e0b57209252	<none>	2026-07-19 14:11	dangling
a51b6acf233b	<none>	2026-07-19 14:11	dangling
90a2563ae687	<none>	2026-07-19 14:11	dangling
dc9be47d9b38	<none>	2026-07-19 14:11	dangling
a4d1cbbadeb1	<none>	2026-07-19 14:11	dangling
36007a609e31	<none>	2026-07-19 14:11	dangling
c7be95cf5798	<none>	2026-07-19 14:11	dangling
74efed0e42c5	<none>	2026-07-19 14:11	dangling
5acec919e431	<none>	2026-07-19 14:11	dangling
91d6f5a8aa20	<none>	2026-07-19 14:11	dangling
8a5a17678598	<none>	2026-07-19 14:11	dangling
c74d87204aba	<none>	2026-07-19 14:11	dangling
8a81e7b8db8a	<none>	2026-07-19 14:10	dangling
4b38f3e6717a	<none>	2026-07-19 14:10	dangling
17d9bd64c5de	<none>	2026-07-19 14:10	dangling
84869d54efe8	<none>	2026-07-19 14:10	dangling
a1c2d299ca45	<none>	2026-07-19 14:10	dangling
b4fc669a80c7	<none>	2026-07-19 14:10	dangling
2c776defd531	<none>	2026-07-19 14:10	dangling
4b011ce75d66	<none>	2026-07-19 14:10	dangling
ef64d8509cf7	<none>	2026-07-19 14:10	dangling
8bc44e7c8dcd	<none>	2026-07-19 14:10	dangling
31b4d0485b9d	<none>	2026-07-19 14:10	dangling
5699b57891bf	<none>	2026-07-19 14:10	dangling
ccc4a2887e19	<none>	2026-07-19 14:09	dangling
3f80c221d68f	<none>	2026-07-19 14:09	dangling
8066e56a642f	<none>	2026-07-19 13:34	dangling
78921c9954d2	<none>	2026-07-19 13:34	dangling
340f4bfc1cc2	<none>	2026-07-19 13:34	dangling
d81a9a1d2aa7	<none>	2026-07-19 13:33	dangling
30b5d2083300	<none>	2026-07-19 13:33	dangling
da8038597c05	<none>	2026-07-19 13:33	dangling
c4a1d51d68f9	<none>	2026-07-19 13:33	dangling
0896558d5fe4	<none>	2026-07-19 13:33	dangling
9071ce0d5bd0	<none>	2026-07-19 13:33	dangling
fd60586ae6ef	<none>	2026-07-19 13:33	dangling
1f1ef9f0baff	<none>	2026-07-19 13:33	dangling
07492952305c	<none>	2026-07-19 13:33	dangling
ad8437ccd78f	<none>	2026-07-19 13:33	dangling
386271c1d377	<none>	2026-07-19 13:33	dangling
6fc29169a4ac	<none>	2026-07-19 13:33	dangling
ab39b3c6ffd7	<none>	2026-07-19 13:33	dangling
d7708c3efc4c	<none>	2026-07-19 13:33	dangling
f3e00e93c2eb	<none>	2026-07-19 13:33	dangling
b43fd2c40a8c	<none>	2026-07-19 13:33	dangling
2b31008af047	<none>	2026-07-19 13:33	dangling
33008a074452	<none>	2026-07-19 13:33	dangling
8c51bb706198	<none>	2026-07-19 13:33	dangling
b2f8153e719b	<none>	2026-07-19 13:33	dangling
e7e2fe5d8ef7	<none>	2026-07-19 13:33	dangling
1e45c7302be0	<none>	2026-07-19 13:33	dangling
cabf564ea020	<none>	2026-07-19 13:33	dangling
e903a279ff6c	<none>	2026-07-19 13:33	dangling
9863c4af8691	<none>	2026-07-19 13:33	dangling
c19fbc056095	<none>	2026-07-19 13:33	dangling
c5797964991e	<none>	2026-07-19 13:33	dangling
971a712c3af6	<none>	2026-07-19 13:33	dangling
9e496f042f94	<none>	2026-07-19 13:33	dangling
1a400609a82e	<none>	2026-07-19 13:33	dangling
1b691f522a38	<none>	2026-07-19 13:32	dangling
367256cdb426	<none>	2026-07-19 13:32	dangling
9eb46bb7fff6	<none>	2026-07-19 13:32	dangling
ad2b9b21c9cb	<none>	2026-07-19 13:32	dangling
f9ae2322ef1f	<none>	2026-07-19 13:32	dangling
8d55b5b55edb	<none>	2026-07-19 13:32	dangling
41e65559fb73	<none>	2026-07-19 13:31	dangling
4f63d9e2ec2f	<none>	2026-07-19 13:01	dangling
db997d3c0888	<none>	2026-07-19 13:01	dangling
6d4c6b6bf6cd	<none>	2026-07-19 13:01	dangling
f40ca5ae77d5	<none>	2026-07-19 13:01	dangling
108f3248eb12	<none>	2026-07-19 13:01	dangling
8ebd8cb61fce	<none>	2026-07-19 13:01	dangling
b80bbb249078	<none>	2026-07-19 13:01	dangling
13948c184300	<none>	2026-07-19 13:01	dangling
6beb06bc1cad	<none>	2026-07-19 13:01	dangling
b4088cdd1ead	<none>	2026-07-19 13:01	dangling
f68e3bae46dd	<none>	2026-07-19 13:01	dangling
47547558f9d8	<none>	2026-07-19 13:01	dangling
d59968820477	<none>	2026-07-19 13:01	dangling
87ad152ac326	<none>	2026-07-19 13:01	dangling
173d335f6dbb	<none>	2026-07-19 13:01	dangling
ebfd0276b81d	<none>	2026-07-19 13:01	dangling
dbe3f1ff30a9	<none>	2026-07-19 13:01	dangling
7838622aa4f4	<none>	2026-07-19 13:01	dangling
1cc876901bfb	localhost/voipmonitor/vllm:gilded-gnosis-v18p5-quantfix-spark-sm121-vllm4966149-b12x6b10833-fi7ad08da-cu132-20260718	2026-07-19 02:26	
e1cc9671a403	<none>	2026-07-19 02:26	dangling
8a868bc8c8dd	<none>	2026-07-19 02:26	dangling
e1200d30c620	<none>	2026-07-19 02:26	dangling
a4da10b8472d	<none>	2026-07-19 02:26	dangling
f13e48540283	<none>	2026-07-19 02:26	dangling
b168a27c19bd	<none>	2026-07-19 02:26	dangling
f79239730cdf	<none>	2026-07-19 02:26	dangling
c6af33998f94	<none>	2026-07-19 02:26	dangling
8a45ab844121	<none>	2026-07-19 02:26	dangling
600ef81c2e19	<none>	2026-07-19 02:26	dangling
b845f5219af9	<none>	2026-07-19 02:26	dangling
cc6062c3a580	<none>	2026-07-19 02:26	dangling
49f9c6926ab1	<none>	2026-07-19 02:26	dangling
76a9ef1e070a	<none>	2026-07-19 02:26	dangling
32dbd7e2fbe7	<none>	2026-07-19 02:26	dangling
cc3c943585e4	<none>	2026-07-19 02:26	dangling
8c6da32f663d	<none>	2026-07-19 02:26	dangling
d4fb60195040	<none>	2026-07-19 02:26	dangling
4cc6257937f7	<none>	2026-07-19 02:26	dangling
22d148f690ec	<none>	2026-07-19 02:26	dangling
2aa24311bb70	<none>	2026-07-19 02:26	dangling
32dcd29e7f95	<none>	2026-07-19 02:26	dangling
74cdd7a2d176	<none>	2026-07-19 02:26	dangling
c6c300621766	<none>	2026-07-19 02:25	dangling
47901b48f43c	<none>	2026-07-19 02:25	dangling
b90d2e6a3b2d	<none>	2026-07-19 02:25	dangling
1a2a24f653da	<none>	2026-07-19 02:25	dangling
72c28e0aff9c	<none>	2026-07-19 02:25	dangling
236c2c629d92	<none>	2026-07-19 02:25	dangling
9bfdf9767c6b	<none>	2026-07-19 02:25	dangling
6eea3123ab5e	<none>	2026-07-19 02:25	dangling
afe2d4cb15e6	<none>	2026-07-19 02:24	dangling
98838bf373fb	<none>	2026-07-19 02:24	dangling
b7b82346faa6	<none>	2026-07-19 02:24	dangling
36661663f366	<none>	2026-07-19 02:24	dangling
e00509effb42	<none>	2026-07-19 02:24	dangling
3ae2e799f750	<none>	2026-07-19 02:24	dangling
463627e903bb	<none>	2026-07-19 02:24	dangling
edf59d922fd2	<none>	2026-07-19 02:24	dangling
f37b0e573395	<none>	2026-07-19 02:24	dangling
f6244d6c09ef	<none>	2026-07-19 02:24	dangling
a1566d58d88c	<none>	2026-07-19 02:24	dangling
e21484bc958d	<none>	2026-07-19 02:23	dangling
fa34c82d5098	localhost/voipmonitor/vllm:gilded-gnosis-v18p4-grid48-spark-sm121-vllmdf7a0b7-b12x6b10833-fi801d57a-cu132-20260718	2026-07-18 22:05	
be20e4eed7c0	<none>	2026-07-18 22:05	dangling
9cea2cd0581b	<none>	2026-07-18 22:05	dangling
925d07f433e9	<none>	2026-07-18 22:05	dangling
4277f8361d89	<none>	2026-07-18 22:05	dangling
fce7d800d306	<none>	2026-07-18 22:05	dangling
0156bd141fb7	<none>	2026-07-18 22:05	dangling
8a29c0a43ea0	<none>	2026-07-18 22:05	dangling
3a111cf55d0f	<none>	2026-07-18 22:05	dangling
c8d94e573e61	<none>	2026-07-18 22:05	dangling
07dcf999144a	<none>	2026-07-18 22:05	dangling
c28adb3c6764	<none>	2026-07-18 22:05	dangling
6b1956fcee42	<none>	2026-07-18 22:05	dangling
6f54eb7ff593	<none>	2026-07-18 22:05	dangling
2df07a6110fe	<none>	2026-07-18 22:05	dangling
ba18a506b4a4	<none>	2026-07-18 22:05	dangling
a1367d6103c5	<none>	2026-07-18 22:05	dangling
4296b83f50a6	<none>	2026-07-18 22:05	dangling
78d5317e1412	<none>	2026-07-18 22:05	dangling
62cad132d191	<none>	2026-07-18 22:05	dangling
779433327fcb	<none>	2026-07-18 22:05	dangling
68c671824dc2	<none>	2026-07-18 22:05	dangling
27f9dddee124	<none>	2026-07-18 22:05	dangling
c2deb0be8e3c	<none>	2026-07-18 22:05	dangling
a51f98523ca5	<none>	2026-07-18 22:05	dangling
0866d514d81d	<none>	2026-07-18 22:05	dangling
09217ef3c68a	<none>	2026-07-18 22:05	dangling
afe3dc673bc4	<none>	2026-07-18 22:05	dangling
c3a5ac8305ee	<none>	2026-07-18 22:05	dangling
d606bd33bd65	<none>	2026-07-18 22:05	dangling
137eaca7bd00	<none>	2026-07-18 22:04	dangling
64fa05004ea3	<none>	2026-07-18 22:04	dangling
9e02ed403e89	<none>	2026-07-18 22:04	dangling
29f409bb124c	<none>	2026-07-18 22:04	dangling
febb4c67a02b	<none>	2026-07-18 22:04	dangling
8eb13ac5bd2c	<none>	2026-07-18 22:04	dangling
ec7a0e8a629d	<none>	2026-07-18 22:04	dangling
b7f268594297	<none>	2026-07-18 22:04	dangling
4967e82fd1dd	<none>	2026-07-18 22:04	dangling
bd30fdf0af24	<none>	2026-07-18 22:04	dangling
9ec856cba19f	<none>	2026-07-18 22:04	dangling
1a9c9bcfe0ac	<none>	2026-07-18 22:04	dangling
7198460f9980	<none>	2026-07-18 22:04	dangling
d4e2537a7475	<none>	2026-07-18 22:03	dangling
59e8fb32bacb	localhost/voipmonitor/vllm:gilded-gnosis-v18p3-spark-sm121-vllm264bce1-b12xbc85ef3-fi801d57a-cu132-20260718	2026-07-18 16:40	
135287847d51	<none>	2026-07-18 16:40	dangling
723132bc2843	<none>	2026-07-18 16:40	dangling
132858481974	localhost/voipmonitor/vllm:gilded-gnosis-v18p2-spark-sm121-vllm264bce1-b12xbc85ef3-fi801d57a-cu132-20260718	2026-07-18 15:40	
ad008b291197	<none>	2026-07-18 15:40	dangling
4ecb449528b6	<none>	2026-07-18 15:39	dangling
9981bc8eac54	<none>	2026-07-18 15:39	dangling
8bd5f03396ea	<none>	2026-07-18 15:39	dangling
d04b1ede4758	<none>	2026-07-18 15:39	dangling
bc8b79e960dc	<none>	2026-07-18 15:39	dangling
cb332b1aa44f	<none>	2026-07-18 15:39	dangling
da59fe6202d2	<none>	2026-07-18 15:39	dangling
1ee582e064e4	<none>	2026-07-18 15:39	dangling
7379b03add9b	<none>	2026-07-18 15:39	dangling
9c1bd3048604	<none>	2026-07-18 15:39	dangling
c59a3e5b7ec8	<none>	2026-07-18 15:39	dangling
94cb179016da	<none>	2026-07-18 15:39	dangling
c42950ef3628	<none>	2026-07-18 15:39	dangling
a6fe679c2f85	<none>	2026-07-18 15:39	dangling
88e0fd27252b	<none>	2026-07-18 15:39	dangling
8c68f49f736d	<none>	2026-07-18 15:39	dangling
d10505bda915	<none>	2026-07-18 15:39	dangling
3d6d7134f8b0	<none>	2026-07-18 15:39	dangling
deb9a7cb3d4a	<none>	2026-07-18 15:39	dangling
91208c1e36da	<none>	2026-07-18 15:39	dangling
096fada8b86c	<none>	2026-07-18 15:39	dangling
7021cdce813c	<none>	2026-07-18 15:39	dangling
de954bcf7452	<none>	2026-07-18 15:39	dangling
fd9b3fc82fe6	<none>	2026-07-18 15:39	dangling
113a429dfde3	<none>	2026-07-18 15:39	dangling
b431bfe7a3f5	<none>	2026-07-18 15:39	dangling
2e9fc03e6ac7	<none>	2026-07-18 15:39	dangling
93ba174b3f28	<none>	2026-07-18 15:39	dangling
9486457d3e16	<none>	2026-07-18 15:39	dangling
fcee2387d018	<none>	2026-07-18 15:39	dangling
09dabedd05fd	<none>	2026-07-18 15:38	dangling
1a9f47793e68	<none>	2026-07-18 15:38	dangling
98a8c03c6fa1	<none>	2026-07-18 15:38	dangling
34d5b22ecccf	<none>	2026-07-18 15:38	dangling
e295e4d0f868	<none>	2026-07-18 15:38	dangling
758c73c6ee1a	<none>	2026-07-18 15:38	dangling
0da8982e5411	<none>	2026-07-18 15:38	dangling
d0af3f1f2b9a	<none>	2026-07-18 15:38	dangling
204befe7b74c	<none>	2026-07-18 15:38	dangling
696dcd6d83a5	<none>	2026-07-18 15:38	dangling
3877545ff32f	<none>	2026-07-18 15:38	dangling
2398228404df	<none>	2026-07-18 15:37	dangling
6dee37f8af25	localhost/voipmonitor/vllm:gilded-gnosis-v18p1-spark-sm121-vllm264bce1-b12xbc85ef3-fi801d57a-cu132-20260718	2026-07-18 14:47	
50322b58b9e0	<none>	2026-07-18 14:47	dangling
a2c2dab8ec39	<none>	2026-07-18 14:47	dangling
75a5594cd938	<none>	2026-07-18 14:47	dangling
abe857bb67ff	<none>	2026-07-18 14:47	dangling
112138717892	<none>	2026-07-18 14:47	dangling
abda0068f539	<none>	2026-07-18 14:47	dangling
a54a711bbabb	<none>	2026-07-18 14:47	dangling
7bf50226c3b2	<none>	2026-07-18 14:47	dangling
b61d4fc959ca	<none>	2026-07-18 14:47	dangling
1fd20e34688a	<none>	2026-07-18 14:47	dangling
f2386a3798f6	<none>	2026-07-18 14:47	dangling
66dd5589148d	<none>	2026-07-18 14:47	dangling
bc7b1108b252	<none>	2026-07-18 14:47	dangling
a0eba3762f7a	<none>	2026-07-18 14:47	dangling
28ceff850cea	<none>	2026-07-18 14:47	dangling
df66e253443c	<none>	2026-07-18 14:47	dangling
3544e29be992	<none>	2026-07-18 14:47	dangling
83741cd1f1ad	<none>	2026-07-18 14:47	dangling
67bbbfce44ca	<none>	2026-07-18 14:47	dangling
7b3a95bb3483	<none>	2026-07-18 14:47	dangling
4c930b7ee0e7	<none>	2026-07-18 14:47	dangling
90fb7f2f5367	<none>	2026-07-18 14:47	dangling
5cfb2ba72f73	<none>	2026-07-18 14:47	dangling
8c5b91d51207	<none>	2026-07-18 14:47	dangling
257b6abf6159	<none>	2026-07-18 14:47	dangling
99fce0c3d4e5	<none>	2026-07-18 14:47	dangling
7f078287d8ce	<none>	2026-07-18 14:47	dangling
501df1b635e9	<none>	2026-07-18 14:47	dangling
10823d7aa680	<none>	2026-07-18 14:47	dangling
9c1a1adeb276	<none>	2026-07-18 14:46	dangling
d27b1db2a748	<none>	2026-07-18 14:46	dangling
95c2825c0402	<none>	2026-07-18 14:46	dangling
223ef0564671	<none>	2026-07-18 14:46	dangling
b3fb47fbcd30	<none>	2026-07-18 14:46	dangling
bee7d1973cdd	<none>	2026-07-18 14:46	dangling
6da2934202ec	<none>	2026-07-18 14:46	dangling
4c586cc0ba16	<none>	2026-07-18 14:46	dangling
58df8f692885	<none>	2026-07-18 14:46	dangling
4b7b8f7241dd	<none>	2026-07-18 14:46	dangling
e83df950a5b4	<none>	2026-07-18 14:46	dangling
97730ad71c56	<none>	2026-07-18 14:46	dangling
0a7a1e69a407	<none>	2026-07-18 14:46	dangling
04a7e1c3857e	<none>	2026-07-18 14:45	dangling
a60741b76f22	localhost/voipmonitor/vllm:gilded-gnosis-v18-spark-sm121-vllm264bce1-b12xbc85ef3-fi801d57a-cu132-20260718	2026-07-18 14:02	
e722f1fae867	<none>	2026-07-18 14:02	dangling
89b75b6db903	<none>	2026-07-18 14:02	dangling
331d2af0112b	<none>	2026-07-18 14:02	dangling
043ee0bfb777	<none>	2026-07-18 14:02	dangling
985aa3c4a2a2	<none>	2026-07-18 14:02	dangling
6172da051c06	<none>	2026-07-18 14:02	dangling
ae96b9bf32b0	<none>	2026-07-18 14:02	dangling
c96ef942c91e	<none>	2026-07-18 14:02	dangling
ef16d5f5b137	<none>	2026-07-18 14:02	dangling
e6dd10979751	<none>	2026-07-18 14:02	dangling
5e667165c3bc	<none>	2026-07-18 14:02	dangling
bc54f004246b	<none>	2026-07-18 14:02	dangling
18c161cb2fc5	<none>	2026-07-18 14:02	dangling
186ddf5fd91a	<none>	2026-07-18 14:02	dangling
dec03b3a09fc	<none>	2026-07-18 14:02	dangling
c07cee14c9cd	<none>	2026-07-18 14:02	dangling
e87c11fef49a	<none>	2026-07-18 14:02	dangling
f7ab782effa4	<none>	2026-07-18 14:02	dangling
5262f0fd7587	<none>	2026-07-18 14:02	dangling
d95a60c61d7b	<none>	2026-07-18 14:02	dangling
0c0c332dcc10	<none>	2026-07-18 14:02	dangling
604c27207634	<none>	2026-07-18 14:02	dangling
38e5367dcb77	<none>	2026-07-18 14:02	dangling
4c7fba3a9815	<none>	2026-07-18 14:02	dangling
907f874d24d2	<none>	2026-07-18 14:02	dangling
cb84a1a1d703	<none>	2026-07-18 14:02	dangling
4e0c351d0b0f	<none>	2026-07-18 14:02	dangling
f2061858ca41	<none>	2026-07-18 14:02	dangling
4f66fad0adf2	<none>	2026-07-18 14:02	dangling
6aef452f5d59	<none>	2026-07-18 14:01	dangling
64df387dde6e	<none>	2026-07-18 14:01	dangling
3b5e100aec86	<none>	2026-07-18 14:01	dangling
6c5754ad5bdd	<none>	2026-07-18 14:01	dangling
8851831068dc	<none>	2026-07-18 14:01	dangling
6f4c2f9a11ec	<none>	2026-07-18 14:01	dangling
e6993e90faef	<none>	2026-07-18 14:01	dangling
a5655c57a32e	<none>	2026-07-18 14:01	dangling
8aec3fcffd31	<none>	2026-07-18 14:01	dangling
6b097327d7b3	<none>	2026-07-18 14:01	dangling
d2d9c9ac7f8b	<none>	2026-07-18 14:01	dangling
7b3ba08c9b88	<none>	2026-07-18 14:01	dangling
280599510d8d	<none>	2026-07-18 14:01	dangling
a719e3d01328	<none>	2026-07-18 14:00	dangling
f48058737ff9	localhost/voipmonitor/vllm:fathomless-firmament-v16p3-spark-sm121-vllm6a5a106-b12xfe06f49-fic0700ff-cu132-20260716	2026-07-16 20:55	
4042b44fa62e	<none>	2026-07-16 20:55	dangling
ecb3952b2b07	<none>	2026-07-16 20:55	dangling
3e3736e4e09c	<none>	2026-07-16 20:55	dangling
3ffee73ad76b	<none>	2026-07-16 20:55	dangling
eab450013d7c	<none>	2026-07-16 20:55	dangling
f9ee6dea647b	<none>	2026-07-16 20:55	dangling
91eb8f084474	<none>	2026-07-16 20:55	dangling
c26d77a07c16	<none>	2026-07-16 20:55	dangling
c124f334e7b5	<none>	2026-07-16 20:55	dangling
c8e8a6ac01db	<none>	2026-07-16 20:55	dangling
41f03aa4cd30	<none>	2026-07-16 20:55	dangling
e528af6ba1ff	<none>	2026-07-16 20:55	dangling
28c8fabb6018	<none>	2026-07-16 20:55	dangling
40074d13bffe	<none>	2026-07-16 20:55	dangling
2a58f0864a89	<none>	2026-07-16 20:55	dangling
99bf7df910c3	<none>	2026-07-16 20:55	dangling
edc2a9100ffc	<none>	2026-07-16 20:55	dangling
35990aa8f074	<none>	2026-07-16 20:55	dangling
e87ddc9a9b8e	<none>	2026-07-16 20:55	dangling
296c747e4314	<none>	2026-07-16 20:55	dangling
426836bb80d3	<none>	2026-07-16 20:55	dangling
d732a4272efa	<none>	2026-07-16 20:55	dangling
f426bc8f78f1	<none>	2026-07-16 20:55	dangling
e47102e35c95	<none>	2026-07-16 20:55	dangling
46186012b494	<none>	2026-07-16 20:55	dangling
3a4216cec1d7	<none>	2026-07-16 20:55	dangling
014f9bce8a9b	<none>	2026-07-16 20:55	dangling
4d72422ff754	<none>	2026-07-16 20:55	dangling
05eb3b8dca5b	<none>	2026-07-16 20:55	dangling
c669e63bf1cd	<none>	2026-07-16 20:54	dangling
cd68bf349419	<none>	2026-07-16 20:54	dangling
e94867076732	<none>	2026-07-16 20:54	dangling
79e7223064b8	<none>	2026-07-16 20:54	dangling
1da0375c2c3a	<none>	2026-07-16 20:54	dangling
0b79c9ea6d07	<none>	2026-07-16 20:54	dangling
c36a64b700a1	<none>	2026-07-16 20:54	dangling
c8da499f3d73	<none>	2026-07-16 20:54	dangling
446922818157	<none>	2026-07-16 20:54	dangling
b9ffd65901d3	<none>	2026-07-16 20:54	dangling
bc7043e32541	<none>	2026-07-16 20:54	dangling
9650149a6807	<none>	2026-07-16 20:54	dangling
ebb6c82d50e0	<none>	2026-07-16 20:54	dangling
33284cc66fdf	<none>	2026-07-16 20:53	dangling
4a062ad1cb95	localhost/voipmonitor/vllm:fathomless-firmament-v16p2-spark-sm121-vllm8f86f42-b12x1bcc652-fi3245a18-cu132-20260716	2026-07-16 16:15	
e62ee4038edf	<none>	2026-07-16 16:15	dangling
e8bccab79449	<none>	2026-07-16 16:15	dangling
4c71a55c73ee	<none>	2026-07-16 16:15	dangling
80e9a304e2ed	<none>	2026-07-16 16:15	dangling
9f909ff10014	<none>	2026-07-16 16:15	dangling
2221cd2c7ddd	<none>	2026-07-16 16:15	dangling
33c43d85b110	<none>	2026-07-16 16:15	dangling
f4f6e7fa0a98	<none>	2026-07-16 16:15	dangling
fd256434f2de	<none>	2026-07-16 16:15	dangling
13ab8967a981	<none>	2026-07-16 16:15	dangling
a7037b9ca49c	<none>	2026-07-16 16:15	dangling
e17abff598d5	<none>	2026-07-16 16:15	dangling
ab5d8d376dd4	<none>	2026-07-16 16:15	dangling
e4fbbf427577	<none>	2026-07-16 16:15	dangling
d821139faaa8	<none>	2026-07-16 16:15	dangling
435d9a310f9f	<none>	2026-07-16 16:15	dangling
586eb26385a4	<none>	2026-07-16 16:15	dangling
8e55b36ed691	<none>	2026-07-16 16:15	dangling
a9d501c1225a	<none>	2026-07-16 16:15	dangling
bb329bf70f31	<none>	2026-07-16 16:15	dangling
d84c1672a01c	<none>	2026-07-16 16:15	dangling
3da42acdf937	<none>	2026-07-16 16:15	dangling
740e74fbcf1b	<none>	2026-07-16 16:15	dangling
8dca8c71d9a3	<none>	2026-07-16 16:14	dangling
2fc3435f2d2c	<none>	2026-07-16 16:14	dangling
acf68c2eec10	<none>	2026-07-16 16:14	dangling
843be3d0809a	<none>	2026-07-16 16:14	dangling
244577059271	<none>	2026-07-16 16:14	dangling
ab68670ac51a	<none>	2026-07-16 16:14	dangling
31f71f546448	<none>	2026-07-16 16:14	dangling
3f68eeaf3a9f	<none>	2026-07-16 16:14	dangling
acb8b51b9283	<none>	2026-07-16 16:13	dangling
ad4c3a2e9d86	<none>	2026-07-16 16:13	dangling
057ff7f73a99	<none>	2026-07-16 16:13	dangling
9f28ec4cafd6	<none>	2026-07-16 16:13	dangling
7ca507861928	<none>	2026-07-16 16:13	dangling
1389e1556492	<none>	2026-07-16 16:13	dangling
6a7a25acae2d	<none>	2026-07-16 16:13	dangling
770bfa78e0c8	<none>	2026-07-16 16:13	dangling
9c894a318879	<none>	2026-07-16 16:13	dangling
02dbc2fa2569	<none>	2026-07-16 16:13	dangling
09dcab663cb6	<none>	2026-07-16 16:13	dangling
5552c0367f5c	<none>	2026-07-16 16:12	dangling
4cec256d3b2a	localhost/voipmonitor/vllm:fathomless-firmament-v16p1-spark-sm121-vllm8f86f42-b12x1bcc652-fi801d57a-cu132-20260716	2026-07-16 14:00	
7b2a8e92ccb0	<none>	2026-07-16 14:00	dangling
e89055b8ec4d	<none>	2026-07-16 14:00	dangling
00c2ee4b43f0	<none>	2026-07-16 14:00	dangling
1d229938a80e	<none>	2026-07-16 14:00	dangling
063c4adda1dd	<none>	2026-07-16 14:00	dangling
969208a1b1b1	<none>	2026-07-16 14:00	dangling
8aa87bf6c608	<none>	2026-07-16 14:00	dangling
328b61cfab32	<none>	2026-07-16 14:00	dangling
93fe9e01273c	<none>	2026-07-16 14:00	dangling
5cfde0c077f7	<none>	2026-07-16 14:00	dangling
fabef5a14ee3	<none>	2026-07-16 14:00	dangling
9884f01ef5a5	<none>	2026-07-16 14:00	dangling
182621958e2c	<none>	2026-07-16 14:00	dangling
582e20a89656	<none>	2026-07-16 14:00	dangling
db1498a6b366	<none>	2026-07-16 14:00	dangling
7d04766793a3	<none>	2026-07-16 14:00	dangling
dcc7474ede3d	<none>	2026-07-16 14:00	dangling
772b4b0d26c9	<none>	2026-07-16 14:00	dangling
15c4c290eac0	<none>	2026-07-16 14:00	dangling
65155139f6ea	<none>	2026-07-16 13:59	dangling
02efe5a6431c	<none>	2026-07-16 13:59	dangling
95bc63ddde12	<none>	2026-07-16 13:59	dangling
5608019ff1e1	<none>	2026-07-16 13:59	dangling
7c1bd7edf358	<none>	2026-07-16 13:59	dangling
7b4c17b95c3c	<none>	2026-07-16 13:59	dangling
f60477751821	<none>	2026-07-16 13:59	dangling
3781e215de7d	<none>	2026-07-16 13:59	dangling
cd1dc0bf1f1d	<none>	2026-07-16 13:59	dangling
2751c51f12b4	<none>	2026-07-16 13:59	dangling
89aa5af152e6	<none>	2026-07-16 13:59	dangling
23f9e06a89d4	<none>	2026-07-16 13:59	dangling
d7f18c3ec12a	<none>	2026-07-16 13:58	dangling
7f1d207f55a4	<none>	2026-07-16 13:58	dangling
12dd2a354be4	<none>	2026-07-16 13:58	dangling
c987fef2f30d	<none>	2026-07-16 13:58	dangling
1c6ffe1a93a6	<none>	2026-07-16 13:58	dangling
950540b1c584	<none>	2026-07-16 13:58	dangling
14c053e85174	<none>	2026-07-16 13:58	dangling
672261e61157	<none>	2026-07-16 13:58	dangling
292a046b64be	<none>	2026-07-16 13:58	dangling
7ad7d69688cb	<none>	2026-07-16 13:58	dangling
b1c28f11ee47	<none>	2026-07-16 13:58	dangling
5ff741b83d99	<none>	2026-07-16 13:57	dangling
b691691f4644	localhost/voipmonitor/vllm:spark-sm121-cu132-build-base-20260708	2026-07-08 22:34	
515a75de3a9d	<none>	2026-07-08 22:34	dangling
881356b164be	<none>	2026-07-08 22:34	dangling
13dbcaa95e9b	<none>	2026-07-08 22:34	dangling
f47bd9db5ac6	<none>	2026-07-08 22:34	dangling
67392eb4bf55	<none>	2026-07-08 22:34	dangling
da7db26c2c3b	<none>	2026-07-08 22:34	dangling
c1691db2c408	<none>	2026-07-08 22:34	dangling
d1f7833c57e3	<none>	2026-07-08 22:34	dangling
5202a6d10584	<none>	2026-07-08 22:33	dangling
417cb8ca7bca	<none>	2026-07-08 22:33	dangling
ab8484d9d26a	<none>	2026-07-08 22:33	dangling
56f18de730d8	<none>	2026-07-08 22:33	dangling
696f9c56fe8d	localhost/voipmonitor/vllm:spark-sm121-cu132-system-base-20260708	2026-07-08 22:33	
489e06553677	<none>	2026-07-08 22:33	dangling
cf88d5b0b5bc	<none>	2026-07-08 22:33	dangling
1692ceb6b25f	<none>	2026-07-08 22:33	dangling
95b5c29c43e8	<none>	2026-07-08 22:33	dangling
573a46d82be0	<none>	2026-07-08 22:32	dangling
cc6e4a864163	<none>	2026-07-08 22:29	dangling
c664b7bea319	<none>	2026-07-08 22:29	dangling
13fd58422741	<none>	2026-07-08 22:29	dangling
e59b4e7a1cc0	<none>	2026-07-08 22:29	dangling
c47df08c1e98	<none>	2026-07-08 22:29	dangling
ea008c32e590	<none>	2026-07-08 22:29	dangling
5a3fbe4a56f6	<none>	2026-07-08 22:29	dangling
8b5b362bd327	<none>	2026-07-08 22:29	dangling
27dd470f35a3	docker.io/nvidia/cuda:13.2.1-cudnn-devel-ubuntu24.04	2026-04-17 16:29	
eea3fe49e8a5	nvcr.io/nvidia/pytorch:<none>	2025-11-08 06:33	
92bc91097685	docker.io/nvidia/cuda:13.0.2-cudnn-devel-ubuntu24.04	2025-10-10 18:05	
