localhost/voipmonitor/vllm	jj-r38-spark-sm121	ea031e1d3d05	35.9 GB	About an hour ago
localhost/voipmonitor/vllm	jj-r32-spark-sm121	74e53e710bef	34.4 GB	5 days ago
<none>	<none>	05481f460fff	34.4 GB	5 days ago
<none>	<none>	d0b18337f49f	34.4 GB	5 days ago
<none>	<none>	d800857d54b1	34.4 GB	5 days ago
<none>	<none>	4522a3d434ef	34.4 GB	5 days ago
<none>	<none>	d5b116818f85	34.1 GB	5 days ago
<none>	<none>	4925f83a82a2	34.1 GB	5 days ago
<none>	<none>	e70d3e051a25	34.1 GB	5 days ago
<none>	<none>	ad56312b7e7c	34.1 GB	5 days ago
<none>	<none>	142d3173b3d9	34.1 GB	5 days ago
<none>	<none>	89364abdb5a7	34.1 GB	5 days ago
<none>	<none>	22870026e0e3	34.1 GB	5 days ago
<none>	<none>	857396905973	34.1 GB	5 days ago
<none>	<none>	9a3e6778e76f	34.1 GB	5 days ago
<none>	<none>	801b8c9f250e	34.1 GB	5 days ago
<none>	<none>	94fef98f7faa	34.1 GB	5 days ago
<none>	<none>	fe5f9660dc5e	34.1 GB	5 days ago
<none>	<none>	ef4875715a5d	34.1 GB	5 days ago
<none>	<none>	ee80e47dc55e	34.1 GB	5 days ago
<none>	<none>	caf82e0ca12f	34.1 GB	5 days ago
<none>	<none>	520d33cceae9	34.1 GB	5 days ago
<none>	<none>	5e74cf7a6ce7	34.1 GB	5 days ago
<none>	<none>	7adbb244670b	34.1 GB	5 days ago
<none>	<none>	0c41d2dbc6ed	34.1 GB	5 days ago
<none>	<none>	4f767ef26f47	34.1 GB	5 days ago
<none>	<none>	19c98a953a54	34.1 GB	5 days ago
<none>	<none>	9a8d34ae09e0	33.9 GB	5 days ago
<none>	<none>	2bb8068e0312	33.9 GB	5 days ago
<none>	<none>	6810c1435e56	33.9 GB	5 days ago
localhost/voipmonitor/vllm	jj-r29-spark-sm121	0b15723cb876	33.9 GB	6 days ago
<none>	<none>	41210cdb274f	33.9 GB	6 days ago
<none>	<none>	25ccb67dd122	33.9 GB	6 days ago
<none>	<none>	616ec1f6acf9	33.9 GB	6 days ago
<none>	<none>	c99aeb813e57	33.9 GB	6 days ago
<none>	<none>	f062908db4b9	33.6 GB	6 days ago
<none>	<none>	1d517acaeaa4	33.6 GB	6 days ago
<none>	<none>	18ba6df5ab0d	33.6 GB	6 days ago
<none>	<none>	f48df5c8d945	33.6 GB	6 days ago
<none>	<none>	5f7cb5c2b241	33.6 GB	6 days ago
<none>	<none>	d6eec691770b	33.6 GB	6 days ago
<none>	<none>	2e8ad89fc9d8	33.6 GB	6 days ago
<none>	<none>	4d6f4478207d	33.6 GB	6 days ago
<none>	<none>	6e2122762cec	33.4 GB	6 days ago
<none>	<none>	4558d78aa422	33.4 GB	6 days ago
<none>	<none>	f03d9c29ab63	33.3 GB	6 days ago
<none>	<none>	e6d8ae5fa788	33.3 GB	6 days ago
<none>	<none>	f738ba12b8b7	33.3 GB	6 days ago
<none>	<none>	e54c457b44f1	33.3 GB	6 days ago
<none>	<none>	60366f4a0f1c	33.3 GB	6 days ago
<none>	<none>	4db50be6a13b	33.3 GB	6 days ago
<none>	<none>	b5c72250cd59	33.3 GB	6 days ago
<none>	<none>	a59baf05ab2b	33.3 GB	6 days ago
<none>	<none>	1e556505cda4	33.3 GB	6 days ago
<none>	<none>	93d0329389e9	33.3 GB	6 days ago
<none>	<none>	fcc4ea453160	33.3 GB	6 days ago
<none>	<none>	69f99b742fcb	33.3 GB	6 days ago
<none>	<none>	05ccac628ec8	33.3 GB	6 days ago
<none>	<none>	dcd1532cfb42	33.3 GB	6 days ago
<none>	<none>	ee996ef8e531	33.9 GB	6 days ago
<none>	<none>	dd4002dfcb97	33.9 GB	6 days ago
<none>	<none>	8164cbf4ac2a	33.9 GB	6 days ago
<none>	<none>	7f6c5e1ffff0	33.9 GB	6 days ago
<none>	<none>	fb0a9e6a7425	33.9 GB	6 days ago
<none>	<none>	913486c179fc	33.6 GB	6 days ago
<none>	<none>	18b0c5ab9016	33.6 GB	6 days ago
<none>	<none>	e8b199dd418b	33.6 GB	6 days ago
<none>	<none>	1be18a84e3ac	33.6 GB	6 days ago
<none>	<none>	1150d52b7b3f	33.6 GB	6 days ago
<none>	<none>	31cea470d446	33.6 GB	6 days ago
<none>	<none>	2b2a90ad6a38	33.6 GB	6 days ago
<none>	<none>	f7f4f9798049	33.6 GB	6 days ago
<none>	<none>	a06f21e207f2	33.4 GB	6 days ago
<none>	<none>	2d27e3f1aa68	33.4 GB	6 days ago
<none>	<none>	592a4c12c209	33.3 GB	6 days ago
<none>	<none>	17f33c6594e3	33.3 GB	6 days ago
<none>	<none>	5de58abdfd4b	33.3 GB	6 days ago
<none>	<none>	0b823fac6bf8	33.3 GB	6 days ago
<none>	<none>	d0a8f76a982f	33.3 GB	6 days ago
<none>	<none>	84ea196b9270	33.3 GB	6 days ago
<none>	<none>	2ed67db6d493	33.3 GB	6 days ago
<none>	<none>	25dff2d00675	33.3 GB	6 days ago
<none>	<none>	f506bb9728c0	33.3 GB	6 days ago
<none>	<none>	5acf6d1fc0fc	33.3 GB	6 days ago
<none>	<none>	e1f3d60c31c6	33.3 GB	6 days ago
<none>	<none>	b6f172394925	33.3 GB	6 days ago
<none>	<none>	eb736497c5bd	33.3 GB	6 days ago
<none>	<none>	6213fa7d903e	33.3 GB	6 days ago
<none>	<none>	0a8de30a0c92	33.3 GB	6 days ago
localhost/voipmonitor/vllm	jj-r28-spark-sm121	cd93d80b3f95	33.3 GB	6 days ago
