timestamp, clocks.current.sm [MHz], clocks_event_reasons.active, temperature.gpu, power.draw [W]
2026/09/15 15:27:21.939, 2405 MHz, 0x0000000000000000, 50, 14.08 W
2026/09/15 15:27:22.950, 2405 MHz, 0x0000000000000000, 50, 14.12 W
2026/09/15 15:27:23.950, 2444 MHz, 0x0000000000000000, 60, 61.07 W
2026/09/15 15:27:24.950, 2424 MHz, 0x0000000000000000, 54, 53.24 W
2026/09/15 15:27:25.951, 2444 MHz, 0x0000000000000000, 60, 45.71 W
2026/09/15 15:27:26.951, 2424 MHz, 0x0000000000000000, 64, 62.74 W
2026/09/15 15:27:27.952, 2450 MHz, 0x0000000000000000, 58, 49.13 W
2026/09/15 15:27:28.952, 2431 MHz, 0x0000000000000000, 63, 46.57 W
2026/09/15 15:27:29.953, 2431 MHz, 0x0000000000000000, 64, 63.87 W
2026/09/15 15:27:30.953, 2418 MHz, 0x0000000000000000, 64, 63.36 W
2026/09/15 15:27:31.954, 2431 MHz, 0x0000000000000000, 66, 63.94 W
2026/09/15 15:27:32.954, 2424 MHz, 0x0000000000000000, 66, 46.63 W
2026/09/15 15:27:33.955, 2431 MHz, 0x0000000000000000, 65, 64.67 W
2026/09/15 15:27:34.955, 2418 MHz, 0x0000000000000000, 68, 63.40 W
2026/09/15 15:27:35.956, 2431 MHz, 0x0000000000000000, 66, 64.26 W
2026/09/15 15:27:36.956, 2431 MHz, 0x0000000000000000, 59, 39.39 W
2026/09/15 15:27:37.957, 2424 MHz, 0x0000000000000000, 67, 26.92 W
2026/09/15 15:27:38.958, 2431 MHz, 0x0000000000000000, 66, 64.73 W
2026/09/15 15:27:39.958, 2418 MHz, 0x0000000000000000, 69, 63.75 W
2026/09/15 15:27:40.959, 2431 MHz, 0x0000000000000000, 66, 64.74 W
2026/09/15 15:27:41.959, 2418 MHz, 0x0000000000000000, 69, 65.26 W
2026/09/15 15:27:42.960, 2431 MHz, 0x0000000000000000, 69, 64.49 W
2026/09/15 15:27:43.960, 2418 MHz, 0x0000000000000000, 71, 66.44 W
2026/09/15 15:27:44.961, 2418 MHz, 0x0000000000000000, 72, 63.72 W
2026/09/15 15:27:45.961, 2424 MHz, 0x0000000000000000, 69, 67.68 W
2026/09/15 15:27:46.961, 2418 MHz, 0x0000000000000000, 72, 64.78 W
2026/09/15 15:27:47.962, 2418 MHz, 0x0000000000000000, 71, 68.38 W
2026/09/15 15:27:48.962, 2411 MHz, 0x0000000000000000, 74, 66.02 W
2026/09/15 15:27:49.963, 2418 MHz, 0x0000000000000000, 71, 68.19 W
2026/09/15 15:27:50.963, 2405 MHz, 0x0000000000000000, 71, 66.84 W
2026/09/15 15:27:51.964, 2411 MHz, 0x0000000000000000, 70, 68.06 W
2026/09/15 15:27:52.964, 2405 MHz, 0x0000000000000000, 72, 67.91 W
2026/09/15 15:27:53.965, 2411 MHz, 0x0000000000000000, 73, 68.31 W
2026/09/15 15:27:54.965, 2405 MHz, 0x0000000000000000, 75, 68.39 W
2026/09/15 15:27:55.966, 2411 MHz, 0x0000000000000000, 73, 68.10 W
2026/09/15 15:27:56.966, 2405 MHz, 0x0000000000000000, 75, 69.34 W
2026/09/15 15:27:57.967, 2411 MHz, 0x0000000000000000, 73, 68.14 W
2026/09/15 15:27:58.967, 2405 MHz, 0x0000000000000000, 75, 69.73 W
2026/09/15 15:27:59.968, 2411 MHz, 0x0000000000000000, 75, 68.58 W
2026/09/15 15:28:00.968, 2405 MHz, 0x0000000000000000, 74, 70.49 W
2026/09/15 15:28:01.968, 2411 MHz, 0x0000000000000000, 76, 68.70 W
2026/09/15 15:28:02.969, 2405 MHz, 0x0000000000000000, 76, 70.73 W
2026/09/15 15:28:03.969, 2411 MHz, 0x0000000000000000, 74, 69.38 W
2026/09/15 15:28:04.970, 2405 MHz, 0x0000000000000000, 76, 71.45 W
2026/09/15 15:28:05.970, 2411 MHz, 0x0000000000000000, 75, 69.68 W
2026/09/15 15:28:06.971, 2405 MHz, 0x0000000000000000, 77, 71.67 W
2026/09/15 15:28:07.971, 2411 MHz, 0x0000000000000000, 77, 70.10 W
2026/09/15 15:28:08.972, 2405 MHz, 0x0000000000000000, 76, 72.11 W
2026/09/15 15:28:09.972, 2411 MHz, 0x0000000000000000, 79, 70.53 W
2026/09/15 15:28:10.973, 2405 MHz, 0x0000000000000000, 79, 72.08 W
2026/09/15 15:28:11.973, 2411 MHz, 0x0000000000000000, 76, 71.33 W
2026/09/15 15:28:12.973, 2405 MHz, 0x0000000000000000, 78, 72.70 W
2026/09/15 15:28:13.973, 2411 MHz, 0x0000000000000000, 78, 71.61 W
2026/09/15 15:28:14.974, 2392 MHz, 0x0000000000000000, 78, 72.41 W
2026/09/15 15:28:15.974, 2405 MHz, 0x0000000000000000, 79, 72.35 W
2026/09/15 15:28:16.975, 2398 MHz, 0x0000000000000000, 81, 72.81 W
2026/09/15 15:28:17.975, 2405 MHz, 0x0000000000000000, 80, 72.79 W
2026/09/15 15:28:18.976, 2392 MHz, 0x0000000000000000, 80, 72.48 W
2026/09/15 15:28:19.976, 2398 MHz, 0x0000000000000000, 82, 73.61 W
2026/09/15 15:28:20.976, 2392 MHz, 0x0000000000000000, 79, 72.73 W
2026/09/15 15:28:21.977, 2392 MHz, 0x0000000000000000, 80, 74.61 W
2026/09/15 15:28:22.977, 2392 MHz, 0x0000000000000000, 83, 71.99 W
2026/09/15 15:28:23.978, 2398 MHz, 0x0000000000000000, 81, 75.69 W
2026/09/15 15:28:24.978, 2398 MHz, 0x0000000000000000, 81, 71.85 W
2026/09/15 15:28:25.979, 2405 MHz, 0x0000000000000000, 83, 76.01 W
2026/09/15 15:28:26.979, 2405 MHz, 0x0000000000000000, 76, 71.59 W
2026/09/15 15:28:27.979, 2392 MHz, 0x0000000000000000, 79, 77.50 W
2026/09/15 15:28:28.979, 2398 MHz, 0x0000000000000000, 84, 73.47 W
2026/09/15 15:28:29.980, 2385 MHz, 0x0000000000000000, 81, 75.49 W
2026/09/15 15:28:30.980, 2392 MHz, 0x0000000000000000, 80, 74.53 W
2026/09/15 15:28:31.980, 2385 MHz, 0x0000000000000000, 82, 74.74 W
2026/09/15 15:28:32.981, 2392 MHz, 0x0000000000000000, 82, 75.03 W
2026/09/15 15:28:33.981, 2385 MHz, 0x0000000000000000, 83, 74.31 W
2026/09/15 15:28:34.981, 2392 MHz, 0x0000000000000000, 81, 75.92 W
2026/09/15 15:28:35.982, 2398 MHz, 0x0000000000000000, 82, 73.41 W
2026/09/15 15:28:36.982, 2392 MHz, 0x0000000000000000, 82, 77.27 W
2026/09/15 15:28:37.983, 2392 MHz, 0x0000000000000000, 78, 73.18 W
2026/09/15 15:28:38.983, 2379 MHz, 0x0000000000000000, 81, 77.81 W
2026/09/15 15:28:39.984, 2398 MHz, 0x0000000000000000, 85, 75.04 W
2026/09/15 15:28:40.984, 2405 MHz, 0x0000000000000000, 75, 56.54 W
2026/09/15 15:28:41.985, 2418 MHz, 0x0000000000000000, 77, 29.52 W
2026/09/15 15:28:42.985, 2418 MHz, 0x0000000000000000, 76, 45.58 W
2026/09/15 15:28:43.985, 2418 MHz, 0x0000000000000000, 75, 45.29 W
2026/09/15 15:28:44.986, 2418 MHz, 0x0000000000000000, 75, 45.51 W
2026/09/15 15:28:45.986, 2418 MHz, 0x0000000000000000, 75, 45.33 W
2026/09/15 15:28:46.987, 2418 MHz, 0x0000000000000000, 75, 45.01 W
2026/09/15 15:28:47.987, 2418 MHz, 0x0000000000000000, 75, 45.19 W
2026/09/15 15:28:48.988, 2418 MHz, 0x0000000000000000, 75, 45.08 W
2026/09/15 15:28:49.989, 2405 MHz, 0x0000000000000000, 70, 23.40 W
2026/09/15 15:28:50.989, 2405 MHz, 0x0000000000000000, 69, 17.98 W
2026/09/15 15:28:51.989, 2418 MHz, 0x0000000000000000, 73, 43.46 W
2026/09/15 15:28:52.990, 2418 MHz, 0x0000000000000000, 73, 44.02 W
2026/09/15 15:28:53.990, 2418 MHz, 0x0000000000000000, 73, 44.25 W
2026/09/15 15:28:54.990, 2418 MHz, 0x0000000000000000, 73, 44.21 W
2026/09/15 15:28:55.991, 2418 MHz, 0x0000000000000000, 73, 43.57 W
2026/09/15 15:28:56.991, 2418 MHz, 0x0000000000000000, 73, 43.87 W
2026/09/15 15:28:57.991, 2418 MHz, 0x0000000000000000, 73, 43.85 W
2026/09/15 15:28:58.991, 2418 MHz, 0x0000000000000000, 73, 44.26 W
2026/09/15 15:28:59.992, 2418 MHz, 0x0000000000000000, 73, 44.15 W
2026/09/15 15:29:00.992, 2418 MHz, 0x0000000000000000, 73, 43.82 W
2026/09/15 15:29:01.993, 2418 MHz, 0x0000000000000000, 73, 43.56 W
2026/09/15 15:29:02.993, 2418 MHz, 0x0000000000000000, 73, 43.60 W
2026/09/15 15:29:03.994, 2418 MHz, 0x0000000000000000, 72, 43.91 W
2026/09/15 15:29:04.994, 2418 MHz, 0x0000000000000000, 73, 43.80 W
2026/09/15 15:29:05.994, 2418 MHz, 0x0000000000000000, 72, 43.94 W
2026/09/15 15:29:06.994, 2418 MHz, 0x0000000000000000, 73, 43.95 W
2026/09/15 15:29:07.994, 2418 MHz, 0x0000000000000000, 72, 43.56 W
2026/09/15 15:29:08.995, 2418 MHz, 0x0000000000000000, 73, 43.54 W
2026/09/15 15:29:09.995, 2418 MHz, 0x0000000000000000, 73, 43.47 W
2026/09/15 15:29:10.995, 2418 MHz, 0x0000000000000000, 73, 43.22 W
2026/09/15 15:29:11.995, 2418 MHz, 0x0000000000000000, 73, 43.28 W
2026/09/15 15:29:12.995, 2418 MHz, 0x0000000000000000, 73, 43.54 W
2026/09/15 15:29:13.996, 2418 MHz, 0x0000000000000000, 73, 43.10 W
2026/09/15 15:29:14.996, 2418 MHz, 0x0000000000000000, 73, 43.33 W
2026/09/15 15:29:15.997, 2418 MHz, 0x0000000000000000, 72, 43.41 W
2026/09/15 15:29:16.997, 2418 MHz, 0x0000000000000000, 73, 43.48 W
2026/09/15 15:29:17.997, 2418 MHz, 0x0000000000000000, 73, 43.38 W
2026/09/15 15:29:18.998, 2418 MHz, 0x0000000000000000, 73, 43.62 W
2026/09/15 15:29:19.998, 2418 MHz, 0x0000000000000000, 72, 43.63 W
2026/09/15 15:29:20.998, 2418 MHz, 0x0000000000000000, 72, 43.33 W
2026/09/15 15:29:21.999, 2418 MHz, 0x0000000000000000, 73, 43.47 W
2026/09/15 15:29:23.000, 2418 MHz, 0x0000000000000000, 72, 43.52 W
2026/09/15 15:29:24.000, 2418 MHz, 0x0000000000000000, 73, 43.43 W
2026/09/15 15:29:25.000, 2418 MHz, 0x0000000000000000, 73, 44.00 W
2026/09/15 15:29:26.001, 2418 MHz, 0x0000000000000000, 72, 44.23 W
2026/09/15 15:29:27.002, 2411 MHz, 0x0000000000000000, 68, 37.18 W
2026/09/15 15:29:28.002, 2405 MHz, 0x0000000000000000, 67, 17.70 W
2026/09/15 15:29:29.003, 2405 MHz, 0x0000000000000000, 67, 17.55 W
2026/09/15 15:29:30.003, 2411 MHz, 0x0000000000000000, 73, 30.31 W
2026/09/15 15:29:31.004, 2411 MHz, 0x0000000000000000, 75, 66.41 W
2026/09/15 15:29:32.004, 2398 MHz, 0x0000000000000000, 76, 65.77 W
2026/09/15 15:29:33.005, 2411 MHz, 0x0000000000000000, 77, 66.92 W
2026/09/15 15:29:34.006, 2405 MHz, 0x0000000000000000, 75, 67.25 W
2026/09/15 15:29:35.007, 2411 MHz, 0x0000000000000000, 78, 66.62 W
2026/09/15 15:29:36.007, 2405 MHz, 0x0000000000000000, 77, 67.92 W
2026/09/15 15:29:37.007, 2405 MHz, 0x0000000000000000, 71, 60.43 W
2026/09/15 15:29:38.008, 2405 MHz, 0x0000000000000000, 68, 17.77 W
2026/09/15 15:29:39.008, 2418 MHz, 0x0000000000000000, 72, 37.34 W
2026/09/15 15:29:40.009, 2424 MHz, 0x0000000000000000, 72, 43.62 W
2026/09/15 15:29:41.009, 2418 MHz, 0x0000000000000000, 72, 43.55 W
2026/09/15 15:29:42.010, 2418 MHz, 0x0000000000000000, 72, 43.47 W
2026/09/15 15:29:43.010, 2418 MHz, 0x0000000000000000, 72, 43.88 W
2026/09/15 15:29:44.010, 2418 MHz, 0x0000000000000000, 72, 43.64 W
2026/09/15 15:29:45.010, 2418 MHz, 0x0000000000000000, 72, 43.71 W
2026/09/15 15:29:46.011, 2418 MHz, 0x0000000000000000, 72, 43.65 W
2026/09/15 15:29:47.012, 2418 MHz, 0x0000000000000000, 72, 43.83 W
2026/09/15 15:29:48.012, 2418 MHz, 0x0000000000000000, 71, 43.30 W
2026/09/15 15:29:49.013, 2418 MHz, 0x0000000000000000, 72, 43.91 W
2026/09/15 15:29:50.014, 2418 MHz, 0x0000000000000000, 72, 43.05 W
2026/09/15 15:29:51.014, 2418 MHz, 0x0000000000000000, 72, 42.86 W
2026/09/15 15:29:52.014, 2418 MHz, 0x0000000000000000, 71, 43.51 W
2026/09/15 15:29:53.015, 2418 MHz, 0x0000000000000000, 72, 43.48 W
2026/09/15 15:29:54.015, 2418 MHz, 0x0000000000000000, 72, 43.74 W
2026/09/15 15:29:55.016, 2418 MHz, 0x0000000000000000, 72, 43.73 W
2026/09/15 15:29:56.017, 2418 MHz, 0x0000000000000000, 72, 43.36 W
2026/09/15 15:29:57.017, 2418 MHz, 0x0000000000000000, 72, 43.67 W
2026/09/15 15:29:58.018, 2418 MHz, 0x0000000000000000, 72, 43.67 W
2026/09/15 15:29:59.018, 2418 MHz, 0x0000000000000000, 72, 43.22 W
2026/09/15 15:30:00.019, 2418 MHz, 0x0000000000000000, 72, 43.36 W
2026/09/15 15:30:01.019, 2418 MHz, 0x0000000000000000, 72, 43.40 W
2026/09/15 15:30:02.020, 2418 MHz, 0x0000000000000000, 72, 43.08 W
2026/09/15 15:30:03.020, 2418 MHz, 0x0000000000000000, 72, 42.91 W
2026/09/15 15:30:04.021, 2418 MHz, 0x0000000000000000, 72, 43.26 W
2026/09/15 15:30:05.021, 2418 MHz, 0x0000000000000000, 72, 43.22 W
2026/09/15 15:30:06.021, 2418 MHz, 0x0000000000000000, 72, 43.39 W
2026/09/15 15:30:07.022, 2418 MHz, 0x0000000000000000, 72, 43.34 W
2026/09/15 15:30:08.022, 2418 MHz, 0x0000000000000000, 72, 42.96 W
2026/09/15 15:30:09.023, 2418 MHz, 0x0000000000000000, 72, 43.42 W
2026/09/15 15:30:10.024, 2418 MHz, 0x0000000000000000, 72, 43.23 W
2026/09/15 15:30:11.024, 2418 MHz, 0x0000000000000000, 72, 43.50 W
2026/09/15 15:30:12.024, 2418 MHz, 0x0000000000000000, 71, 43.31 W
2026/09/15 15:30:13.025, 2405 MHz, 0x0000000000000000, 67, 17.76 W
2026/09/15 15:30:14.026, 2405 MHz, 0x0000000000000000, 66, 17.52 W
2026/09/15 15:30:15.026, 2405 MHz, 0x0000000000000000, 66, 17.42 W
2026/09/15 15:30:16.027, 2405 MHz, 0x0000000000000000, 75, 65.92 W
2026/09/15 15:30:17.027, 2405 MHz, 0x0000000000000000, 76, 64.70 W
2026/09/15 15:30:18.028, 2411 MHz, 0x0000000000000000, 76, 67.96 W
2026/09/15 15:30:19.029, 2405 MHz, 0x0000000000000000, 78, 66.08 W
2026/09/15 15:30:20.030, 2411 MHz, 0x0000000000000000, 77, 67.59 W
2026/09/15 15:30:21.030, 2405 MHz, 0x0000000000000000, 76, 67.52 W
2026/09/15 15:30:22.031, 2411 MHz, 0x0000000000000000, 76, 67.56 W
2026/09/15 15:30:23.032, 2405 MHz, 0x0000000000000000, 79, 69.10 W
2026/09/15 15:30:24.033, 2411 MHz, 0x0000000000000000, 79, 67.68 W
2026/09/15 15:30:25.033, 2405 MHz, 0x0000000000000000, 78, 69.42 W
2026/09/15 15:30:26.034, 2411 MHz, 0x0000000000000000, 77, 66.15 W
2026/09/15 15:30:27.035, 2411 MHz, 0x0000000000000000, 77, 71.18 W
2026/09/15 15:30:28.035, 2405 MHz, 0x0000000000000000, 78, 67.30 W
2026/09/15 15:30:29.036, 2405 MHz, 0x0000000000000000, 79, 70.36 W
2026/09/15 15:30:30.037, 2405 MHz, 0x0000000000000000, 69, 38.93 W
2026/09/15 15:30:31.037, 2411 MHz, 0x0000000000000000, 73, 22.29 W
2026/09/15 15:30:32.037, 2418 MHz, 0x0000000000000000, 73, 44.28 W
2026/09/15 15:30:33.038, 2418 MHz, 0x0000000000000000, 73, 44.01 W
2026/09/15 15:30:34.039, 2418 MHz, 0x0000000000000000, 73, 44.04 W
2026/09/15 15:30:35.039, 2418 MHz, 0x0000000000000000, 72, 43.94 W
2026/09/15 15:30:36.039, 2418 MHz, 0x0000000000000000, 73, 44.06 W
2026/09/15 15:30:37.040, 2418 MHz, 0x0000000000000000, 73, 44.07 W
2026/09/15 15:30:38.040, 2418 MHz, 0x0000000000000000, 73, 43.65 W
2026/09/15 15:30:39.041, 2418 MHz, 0x0000000000000000, 72, 44.05 W
2026/09/15 15:30:40.041, 2418 MHz, 0x0000000000000000, 73, 43.93 W
2026/09/15 15:30:41.041, 2418 MHz, 0x0000000000000000, 73, 43.97 W
2026/09/15 15:30:42.042, 2418 MHz, 0x0000000000000000, 73, 44.19 W
2026/09/15 15:30:43.042, 2418 MHz, 0x0000000000000000, 73, 43.90 W
2026/09/15 15:30:44.042, 2418 MHz, 0x0000000000000000, 73, 43.71 W
2026/09/15 15:30:45.043, 2418 MHz, 0x0000000000000000, 72, 43.64 W
2026/09/15 15:30:46.043, 2418 MHz, 0x0000000000000000, 73, 43.39 W
2026/09/15 15:30:47.044, 2418 MHz, 0x0000000000000000, 72, 43.58 W
2026/09/15 15:30:48.044, 2418 MHz, 0x0000000000000000, 73, 43.22 W
2026/09/15 15:30:49.045, 2418 MHz, 0x0000000000000000, 73, 43.37 W
2026/09/15 15:30:50.045, 2418 MHz, 0x0000000000000000, 73, 43.35 W
2026/09/15 15:30:51.045, 2418 MHz, 0x0000000000000000, 73, 43.20 W
2026/09/15 15:30:52.045, 2418 MHz, 0x0000000000000000, 73, 43.71 W
2026/09/15 15:30:53.046, 2418 MHz, 0x0000000000000000, 72, 43.42 W
2026/09/15 15:30:54.046, 2418 MHz, 0x0000000000000000, 73, 43.41 W
2026/09/15 15:30:55.046, 2418 MHz, 0x0000000000000000, 72, 43.62 W
2026/09/15 15:30:56.046, 2418 MHz, 0x0000000000000000, 73, 43.51 W
2026/09/15 15:30:57.047, 2418 MHz, 0x0000000000000000, 73, 43.42 W
2026/09/15 15:30:58.047, 2418 MHz, 0x0000000000000000, 73, 43.45 W
2026/09/15 15:30:59.047, 2418 MHz, 0x0000000000000000, 73, 43.82 W
2026/09/15 15:31:00.047, 2418 MHz, 0x0000000000000000, 72, 43.91 W
2026/09/15 15:31:01.048, 2418 MHz, 0x0000000000000000, 73, 43.70 W
2026/09/15 15:31:02.048, 2418 MHz, 0x0000000000000000, 73, 43.73 W
2026/09/15 15:31:03.048, 2418 MHz, 0x0000000000000000, 72, 43.83 W
2026/09/15 15:31:04.049, 2418 MHz, 0x0000000000000000, 73, 44.20 W
2026/09/15 15:31:05.049, 2405 MHz, 0x0000000000000000, 68, 30.81 W
2026/09/15 15:31:06.050, 2405 MHz, 0x0000000000000000, 67, 17.72 W
2026/09/15 15:31:07.051, 2405 MHz, 0x0000000000000000, 67, 17.58 W
2026/09/15 15:31:08.051, 2405 MHz, 0x0000000000000000, 76, 39.06 W
2026/09/15 15:31:09.051, 2411 MHz, 0x0000000000000000, 75, 66.02 W
2026/09/15 15:31:10.052, 2405 MHz, 0x0000000000000000, 75, 66.67 W
2026/09/15 15:31:11.052, 2411 MHz, 0x0000000000000000, 76, 66.20 W
2026/09/15 15:31:12.053, 2405 MHz, 0x0000000000000000, 75, 67.67 W
2026/09/15 15:31:13.053, 2411 MHz, 0x0000000000000000, 73, 65.13 W
2026/09/15 15:31:14.053, 2405 MHz, 0x0000000000000000, 79, 68.89 W
2026/09/15 15:31:15.053, 2405 MHz, 0x0000000000000000, 77, 66.47 W
2026/09/15 15:31:16.054, 2411 MHz, 0x0000000000000000, 80, 70.16 W
2026/09/15 15:31:17.054, 2405 MHz, 0x0000000000000000, 80, 67.47 W
2026/09/15 15:31:18.055, 2411 MHz, 0x0000000000000000, 78, 69.48 W
2026/09/15 15:31:19.055, 2398 MHz, 0x0000000000000000, 80, 68.60 W
2026/09/15 15:31:20.056, 2411 MHz, 0x0000000000000000, 78, 69.74 W
2026/09/15 15:31:21.056, 2398 MHz, 0x0000000000000000, 81, 69.55 W
2026/09/15 15:31:22.057, 2405 MHz, 0x0000000000000000, 79, 69.70 W
2026/09/15 15:31:23.057, 2392 MHz, 0x0000000000000000, 79, 70.32 W
2026/09/15 15:31:24.058, 2405 MHz, 0x0000000000000000, 81, 69.75 W
2026/09/15 15:31:25.058, 2398 MHz, 0x0000000000000000, 79, 70.75 W
2026/09/15 15:31:26.058, 2398 MHz, 0x0000000000000000, 80, 69.56 W
2026/09/15 15:31:27.059, 2398 MHz, 0x0000000000000000, 81, 71.42 W
2026/09/15 15:31:28.059, 2398 MHz, 0x0000000000000000, 81, 69.28 W
2026/09/15 15:31:29.059, 2398 MHz, 0x0000000000000000, 81, 71.68 W
2026/09/15 15:31:30.059, 2398 MHz, 0x0000000000000000, 76, 68.67 W
2026/09/15 15:31:31.060, 2398 MHz, 0x0000000000000000, 79, 73.57 W
2026/09/15 15:31:32.060, 2398 MHz, 0x0000000000000000, 79, 69.11 W
2026/09/15 15:31:33.060, 2398 MHz, 0x0000000000000000, 80, 74.20 W
2026/09/15 15:31:34.061, 2392 MHz, 0x0000000000000000, 81, 69.08 W
2026/09/15 15:31:35.061, 2392 MHz, 0x0000000000000000, 82, 74.55 W
2026/09/15 15:31:36.062, 2398 MHz, 0x0000000000000000, 78, 69.50 W
2026/09/15 15:31:37.062, 2398 MHz, 0x0000000000000000, 81, 72.21 W
2026/09/15 15:31:38.063, 2411 MHz, 0x0000000000000000, 71, 31.05 W
2026/09/15 15:31:39.063, 2418 MHz, 0x0000000000000000, 75, 30.86 W
2026/09/15 15:31:40.064, 2418 MHz, 0x0000000000000000, 75, 44.80 W
2026/09/15 15:31:41.064, 2418 MHz, 0x0000000000000000, 74, 44.55 W
2026/09/15 15:31:42.065, 2418 MHz, 0x0000000000000000, 75, 44.87 W
2026/09/15 15:31:43.065, 2418 MHz, 0x0000000000000000, 75, 44.84 W
2026/09/15 15:31:44.065, 2418 MHz, 0x0000000000000000, 75, 44.63 W
2026/09/15 15:31:45.066, 2418 MHz, 0x0000000000000000, 75, 44.85 W
2026/09/15 15:31:46.066, 2418 MHz, 0x0000000000000000, 75, 44.82 W
2026/09/15 15:31:47.066, 2418 MHz, 0x0000000000000000, 75, 44.33 W
2026/09/15 15:31:48.067, 2418 MHz, 0x0000000000000000, 74, 44.08 W
2026/09/15 15:31:49.067, 2418 MHz, 0x0000000000000000, 75, 43.74 W
2026/09/15 15:31:50.068, 2418 MHz, 0x0000000000000000, 75, 44.27 W
2026/09/15 15:31:51.068, 2418 MHz, 0x0000000000000000, 75, 44.53 W
2026/09/15 15:31:52.068, 2418 MHz, 0x0000000000000000, 75, 44.75 W
2026/09/15 15:31:53.069, 2418 MHz, 0x0000000000000000, 75, 44.18 W
2026/09/15 15:31:54.069, 2418 MHz, 0x0000000000000000, 74, 44.44 W
2026/09/15 15:31:55.069, 2418 MHz, 0x0000000000000000, 75, 44.24 W
2026/09/15 15:31:56.070, 2418 MHz, 0x0000000000000000, 74, 44.05 W
2026/09/15 15:31:57.070, 2418 MHz, 0x0000000000000000, 75, 44.08 W
2026/09/15 15:31:58.070, 2418 MHz, 0x0000000000000000, 75, 43.96 W
2026/09/15 15:31:59.070, 2418 MHz, 0x0000000000000000, 74, 44.32 W
2026/09/15 15:32:00.071, 2418 MHz, 0x0000000000000000, 74, 43.79 W
2026/09/15 15:32:01.071, 2418 MHz, 0x0000000000000000, 75, 44.17 W
2026/09/15 15:32:02.071, 2418 MHz, 0x0000000000000000, 75, 43.99 W
2026/09/15 15:32:03.072, 2418 MHz, 0x0000000000000000, 74, 43.97 W
2026/09/15 15:32:04.072, 2418 MHz, 0x0000000000000000, 75, 44.06 W
2026/09/15 15:32:05.072, 2418 MHz, 0x0000000000000000, 74, 44.87 W
2026/09/15 15:32:06.072, 2418 MHz, 0x0000000000000000, 74, 44.63 W
2026/09/15 15:32:07.073, 2418 MHz, 0x0000000000000000, 74, 44.62 W
2026/09/15 15:32:08.073, 2418 MHz, 0x0000000000000000, 74, 44.57 W
2026/09/15 15:32:09.073, 2418 MHz, 0x0000000000000000, 74, 44.65 W
2026/09/15 15:32:10.073, 2418 MHz, 0x0000000000000000, 74, 44.31 W
2026/09/15 15:32:11.074, 2418 MHz, 0x0000000000000000, 74, 44.68 W
2026/09/15 15:32:12.074, 2418 MHz, 0x0000000000000000, 74, 44.52 W
2026/09/15 15:32:13.075, 2405 MHz, 0x0000000000000000, 69, 23.82 W
2026/09/15 15:32:14.076, 2405 MHz, 0x0000000000000000, 69, 17.91 W
2026/09/15 15:32:15.076, 2405 MHz, 0x0000000000000000, 68, 17.76 W
2026/09/15 15:32:16.076, 2405 MHz, 0x0000000000000000, 76, 46.94 W
2026/09/15 15:32:17.077, 2411 MHz, 0x0000000000000000, 77, 65.81 W
2026/09/15 15:32:18.078, 2405 MHz, 0x0000000000000000, 77, 67.40 W
2026/09/15 15:32:19.078, 2411 MHz, 0x0000000000000000, 76, 66.02 W
2026/09/15 15:32:20.078, 2405 MHz, 0x0000000000000000, 76, 68.17 W
2026/09/15 15:32:21.079, 2405 MHz, 0x0000000000000000, 77, 65.82 W
2026/09/15 15:32:22.079, 2411 MHz, 0x0000000000000000, 79, 70.05 W
2026/09/15 15:32:23.080, 2398 MHz, 0x0000000000000000, 78, 67.48 W
2026/09/15 15:32:24.080, 2411 MHz, 0x0000000000000000, 78, 69.62 W
2026/09/15 15:32:25.080, 2392 MHz, 0x0000000000000000, 79, 68.48 W
2026/09/15 15:32:26.080, 2405 MHz, 0x0000000000000000, 77, 69.29 W
2026/09/15 15:32:27.081, 2392 MHz, 0x0000000000000000, 78, 69.64 W
2026/09/15 15:32:28.081, 2398 MHz, 0x0000000000000000, 78, 69.71 W
2026/09/15 15:32:29.082, 2385 MHz, 0x0000000000000000, 80, 70.44 W
2026/09/15 15:32:30.082, 2405 MHz, 0x0000000000000000, 81, 69.32 W
2026/09/15 15:32:31.082, 2385 MHz, 0x0000000000000000, 81, 70.93 W
2026/09/15 15:32:32.083, 2398 MHz, 0x0000000000000000, 82, 69.54 W
2026/09/15 15:32:33.083, 2385 MHz, 0x0000000000000000, 83, 71.47 W
2026/09/15 15:32:34.084, 2405 MHz, 0x0000000000000000, 76, 68.26 W
2026/09/15 15:32:35.084, 2385 MHz, 0x0000000000000000, 80, 73.48 W
2026/09/15 15:32:36.085, 2392 MHz, 0x0000000000000000, 78, 68.77 W
2026/09/15 15:32:37.085, 2398 MHz, 0x0000000000000000, 82, 73.39 W
2026/09/15 15:32:38.085, 2398 MHz, 0x0000000000000000, 82, 69.36 W
2026/09/15 15:32:39.086, 2392 MHz, 0x0000000000000000, 82, 73.92 W
2026/09/15 15:32:40.086, 2398 MHz, 0x0000000000000000, 80, 70.23 W
2026/09/15 15:32:41.087, 2398 MHz, 0x0000000000000000, 84, 74.20 W
2026/09/15 15:32:42.087, 2398 MHz, 0x0000000000000000, 83, 70.43 W
2026/09/15 15:32:43.087, 2392 MHz, 0x0000000000000000, 84, 74.24 W
2026/09/15 15:32:44.087, 2392 MHz, 0x0000000000000000, 83, 70.52 W
2026/09/15 15:32:45.088, 2392 MHz, 0x0000000000000000, 83, 74.84 W
2026/09/15 15:32:46.088, 2392 MHz, 0x0000000000000000, 83, 70.70 W
2026/09/15 15:32:47.089, 2392 MHz, 0x0000000000000000, 81, 75.39 W
2026/09/15 15:32:48.089, 2392 MHz, 0x0000000000000000, 85, 70.78 W
2026/09/15 15:32:49.089, 2392 MHz, 0x0000000000000000, 84, 75.76 W
2026/09/15 15:32:50.090, 2392 MHz, 0x0000000000000000, 82, 70.96 W
2026/09/15 15:32:51.090, 2385 MHz, 0x0000000000000000, 81, 74.54 W
2026/09/15 15:32:52.090, 2392 MHz, 0x0000000000000000, 83, 71.28 W
2026/09/15 15:32:53.090, 2385 MHz, 0x0000000000000000, 83, 76.61 W
2026/09/15 15:32:54.091, 2392 MHz, 0x0000000000000000, 82, 73.75 W
2026/09/15 15:32:55.092, 2385 MHz, 0x0000000000000000, 84, 74.97 W
2026/09/15 15:32:56.092, 2392 MHz, 0x0000000000000000, 83, 74.10 W
2026/09/15 15:32:57.093, 2366 MHz, 0x0000000000000000, 84, 73.95 W
2026/09/15 15:32:58.093, 2392 MHz, 0x0000000000000000, 83, 74.37 W
2026/09/15 15:32:59.093, 2385 MHz, 0x0000000000000000, 85, 74.95 W
2026/09/15 15:33:00.094, 2392 MHz, 0x0000000000000000, 81, 75.04 W
2026/09/15 15:33:01.094, 2366 MHz, 0x0000000000000000, 82, 74.15 W
2026/09/15 15:33:02.094, 2392 MHz, 0x0000000000000000, 86, 73.82 W
2026/09/15 15:33:03.094, 2385 MHz, 0x0000000000000000, 84, 74.29 W
2026/09/15 15:33:04.095, 2392 MHz, 0x0000000000000000, 83, 75.78 W
2026/09/15 15:33:05.095, 2327 MHz, 0x0000000000000000, 85, 71.69 W
2026/09/15 15:33:06.096, 2346 MHz, 0x0000000000000000, 83, 75.31 W
2026/09/15 15:33:07.096, 2340 MHz, 0x0000000000000020, 79, 70.38 W
2026/09/15 15:33:08.096, 2385 MHz, 0x0000000000000000, 85, 76.34 W
2026/09/15 15:33:09.097, 2392 MHz, 0x0000000000000000, 84, 73.92 W
2026/09/15 15:33:10.097, 2314 MHz, 0x0000000000000000, 88, 73.38 W
2026/09/15 15:33:11.098, 2392 MHz, 0x0000000000000000, 84, 75.33 W
2026/09/15 15:33:12.098, 2379 MHz, 0x0000000000000000, 86, 74.10 W
2026/09/15 15:33:13.099, 2392 MHz, 0x0000000000000000, 83, 76.57 W
2026/09/15 15:33:14.099, 2392 MHz, 0x0000000000000000, 83, 74.35 W
2026/09/15 15:33:15.099, 2359 MHz, 0x0000000000000000, 83, 74.19 W
2026/09/15 15:33:16.100, 2392 MHz, 0x0000000000000000, 81, 73.16 W
2026/09/15 15:33:17.100, 2366 MHz, 0x0000000000000020, 85, 74.32 W
2026/09/15 15:33:18.101, 2392 MHz, 0x0000000000000000, 86, 75.56 W
2026/09/15 15:33:19.101, 2398 MHz, 0x0000000000000000, 76, 57.39 W
2026/09/15 15:33:20.102, 2411 MHz, 0x0000000000000000, 74, 20.06 W
2026/09/15 15:33:21.103, 2418 MHz, 0x0000000000000000, 78, 34.56 W
2026/09/15 15:33:22.103, 2418 MHz, 0x0000000000000000, 78, 46.08 W
2026/09/15 15:33:23.104, 2418 MHz, 0x0000000000000000, 78, 46.08 W
2026/09/15 15:33:24.104, 2418 MHz, 0x0000000000000000, 77, 46.38 W
2026/09/15 15:33:25.104, 2418 MHz, 0x0000000000000000, 78, 46.23 W
2026/09/15 15:33:26.105, 2418 MHz, 0x0000000000000000, 78, 46.03 W
2026/09/15 15:33:27.105, 2418 MHz, 0x0000000000000000, 77, 46.06 W
2026/09/15 15:33:28.106, 2418 MHz, 0x0000000000000000, 77, 46.13 W
2026/09/15 15:33:29.106, 2418 MHz, 0x0000000000000000, 77, 46.06 W
2026/09/15 15:33:30.106, 2418 MHz, 0x0000000000000000, 77, 45.73 W
2026/09/15 15:33:31.107, 2418 MHz, 0x0000000000000000, 77, 46.14 W
2026/09/15 15:33:32.107, 2418 MHz, 0x0000000000000000, 77, 45.90 W
2026/09/15 15:33:33.108, 2418 MHz, 0x0000000000000000, 77, 45.87 W
2026/09/15 15:33:34.108, 2418 MHz, 0x0000000000000000, 77, 45.74 W
2026/09/15 15:33:35.108, 2418 MHz, 0x0000000000000000, 77, 45.42 W
2026/09/15 15:33:36.108, 2418 MHz, 0x0000000000000000, 77, 45.52 W
2026/09/15 15:33:37.109, 2418 MHz, 0x0000000000000000, 77, 45.81 W
2026/09/15 15:33:38.109, 2418 MHz, 0x0000000000000000, 77, 45.69 W
2026/09/15 15:33:39.109, 2418 MHz, 0x0000000000000000, 77, 45.66 W
2026/09/15 15:33:40.110, 2418 MHz, 0x0000000000000000, 76, 45.53 W
2026/09/15 15:33:41.110, 2418 MHz, 0x0000000000000000, 77, 45.13 W
2026/09/15 15:33:42.111, 2418 MHz, 0x0000000000000000, 76, 45.35 W
2026/09/15 15:33:43.111, 2418 MHz, 0x0000000000000000, 76, 45.22 W
2026/09/15 15:33:44.111, 2418 MHz, 0x0000000000000000, 76, 45.16 W
2026/09/15 15:33:45.111, 2418 MHz, 0x0000000000000000, 76, 45.32 W
2026/09/15 15:33:46.112, 2418 MHz, 0x0000000000000000, 76, 45.20 W
2026/09/15 15:33:47.112, 2418 MHz, 0x0000000000000000, 76, 45.17 W
2026/09/15 15:33:48.112, 2418 MHz, 0x0000000000000000, 76, 45.15 W
2026/09/15 15:33:49.112, 2418 MHz, 0x0000000000000000, 76, 45.48 W
2026/09/15 15:33:50.113, 2418 MHz, 0x0000000000000000, 76, 45.15 W
2026/09/15 15:33:51.113, 2418 MHz, 0x0000000000000000, 76, 45.01 W
2026/09/15 15:33:52.113, 2418 MHz, 0x0000000000000000, 75, 45.00 W
2026/09/15 15:33:53.113, 2418 MHz, 0x0000000000000000, 76, 44.91 W
2026/09/15 15:33:54.113, 2418 MHz, 0x0000000000000000, 76, 45.03 W
2026/09/15 15:33:55.114, 2418 MHz, 0x0000000000000000, 76, 45.22 W
2026/09/15 15:33:56.115, 2405 MHz, 0x0000000000000000, 71, 19.80 W
2026/09/15 15:33:57.115, 2405 MHz, 0x0000000000000000, 73, 21.87 W
2026/09/15 15:33:58.116, 2418 MHz, 0x0000000000000000, 75, 49.29 W
2026/09/15 15:33:59.116, 2418 MHz, 0x0000000000000000, 76, 47.97 W
2026/09/15 15:34:00.116, 2418 MHz, 0x0000000000000000, 76, 48.33 W
2026/09/15 15:34:01.117, 2418 MHz, 0x0000000000000000, 76, 48.88 W
2026/09/15 15:34:02.117, 2418 MHz, 0x0000000000000000, 76, 48.76 W
2026/09/15 15:34:03.117, 2418 MHz, 0x0000000000000000, 76, 48.90 W
2026/09/15 15:34:04.117, 2418 MHz, 0x0000000000000000, 76, 48.90 W
2026/09/15 15:34:05.118, 2418 MHz, 0x0000000000000000, 76, 48.79 W
2026/09/15 15:34:06.118, 2418 MHz, 0x0000000000000000, 75, 48.75 W
2026/09/15 15:34:07.118, 2418 MHz, 0x0000000000000000, 76, 48.79 W
2026/09/15 15:34:08.119, 2418 MHz, 0x0000000000000000, 76, 48.98 W
2026/09/15 15:34:09.119, 2418 MHz, 0x0000000000000000, 77, 49.27 W
2026/09/15 15:34:10.120, 2418 MHz, 0x0000000000000000, 76, 49.24 W
2026/09/15 15:34:11.120, 2418 MHz, 0x0000000000000000, 76, 48.95 W
2026/09/15 15:34:12.120, 2418 MHz, 0x0000000000000000, 76, 48.62 W
2026/09/15 15:34:13.121, 2418 MHz, 0x0000000000000000, 77, 48.90 W
2026/09/15 15:34:14.121, 2418 MHz, 0x0000000000000000, 76, 48.53 W
2026/09/15 15:34:15.121, 2418 MHz, 0x0000000000000000, 77, 48.15 W
2026/09/15 15:34:16.122, 2418 MHz, 0x0000000000000000, 77, 48.21 W
2026/09/15 15:34:17.122, 2418 MHz, 0x0000000000000000, 77, 48.36 W
2026/09/15 15:34:18.122, 2418 MHz, 0x0000000000000000, 77, 48.37 W
2026/09/15 15:34:19.123, 2418 MHz, 0x0000000000000000, 76, 48.30 W
2026/09/15 15:34:20.123, 2418 MHz, 0x0000000000000000, 77, 48.50 W
2026/09/15 15:34:21.124, 2418 MHz, 0x0000000000000000, 77, 48.01 W
2026/09/15 15:34:22.124, 2418 MHz, 0x0000000000000000, 76, 48.72 W
2026/09/15 15:34:23.125, 2418 MHz, 0x0000000000000000, 76, 48.12 W
2026/09/15 15:34:24.125, 2418 MHz, 0x0000000000000000, 77, 48.25 W
2026/09/15 15:34:25.125, 2418 MHz, 0x0000000000000000, 77, 48.26 W
2026/09/15 15:34:26.125, 2418 MHz, 0x0000000000000000, 77, 48.46 W
2026/09/15 15:34:27.126, 2418 MHz, 0x0000000000000000, 77, 48.44 W
2026/09/15 15:34:28.126, 2418 MHz, 0x0000000000000000, 77, 48.13 W
2026/09/15 15:34:29.127, 2418 MHz, 0x0000000000000000, 77, 48.60 W
2026/09/15 15:34:30.127, 2418 MHz, 0x0000000000000000, 77, 48.44 W
2026/09/15 15:34:31.128, 2418 MHz, 0x0000000000000000, 77, 48.57 W
2026/09/15 15:34:32.128, 2418 MHz, 0x0000000000000000, 77, 48.68 W
2026/09/15 15:34:33.128, 2411 MHz, 0x0000000000000000, 72, 38.31 W
2026/09/15 15:34:34.128, 2405 MHz, 0x0000000000000000, 70, 18.70 W
2026/09/15 15:34:35.129, 2418 MHz, 0x0000000000000000, 74, 31.59 W
2026/09/15 15:34:36.129, 2418 MHz, 0x0000000000000000, 76, 50.92 W
2026/09/15 15:34:37.129, 2418 MHz, 0x0000000000000000, 76, 50.30 W
2026/09/15 15:34:38.129, 2418 MHz, 0x0000000000000000, 76, 50.38 W
2026/09/15 15:34:39.130, 2418 MHz, 0x0000000000000000, 77, 50.75 W
2026/09/15 15:34:40.130, 2418 MHz, 0x0000000000000000, 77, 50.78 W
2026/09/15 15:34:41.131, 2418 MHz, 0x0000000000000000, 76, 50.95 W
2026/09/15 15:34:42.131, 2418 MHz, 0x0000000000000000, 76, 50.89 W
2026/09/15 15:34:43.131, 2418 MHz, 0x0000000000000000, 77, 51.66 W
2026/09/15 15:34:44.132, 2418 MHz, 0x0000000000000000, 77, 51.57 W
2026/09/15 15:34:45.132, 2418 MHz, 0x0000000000000000, 77, 51.99 W
2026/09/15 15:34:46.133, 2418 MHz, 0x0000000000000000, 77, 51.39 W
2026/09/15 15:34:47.133, 2418 MHz, 0x0000000000000000, 77, 51.26 W
2026/09/15 15:34:48.134, 2418 MHz, 0x0000000000000000, 77, 50.72 W
2026/09/15 15:34:49.135, 2418 MHz, 0x0000000000000000, 77, 50.99 W
2026/09/15 15:34:50.135, 2418 MHz, 0x0000000000000000, 77, 50.92 W
2026/09/15 15:34:51.135, 2418 MHz, 0x0000000000000000, 77, 51.24 W
2026/09/15 15:34:52.135, 2418 MHz, 0x0000000000000000, 78, 51.57 W
2026/09/15 15:34:53.135, 2418 MHz, 0x0000000000000000, 77, 51.51 W
2026/09/15 15:34:54.135, 2418 MHz, 0x0000000000000000, 77, 51.84 W
2026/09/15 15:34:55.136, 2418 MHz, 0x0000000000000000, 77, 51.86 W
2026/09/15 15:34:56.136, 2418 MHz, 0x0000000000000000, 78, 52.08 W
2026/09/15 15:34:57.136, 2418 MHz, 0x0000000000000000, 78, 51.83 W
2026/09/15 15:34:58.137, 2418 MHz, 0x0000000000000000, 78, 51.62 W
2026/09/15 15:34:59.137, 2418 MHz, 0x0000000000000000, 77, 51.73 W
2026/09/15 15:35:00.138, 2418 MHz, 0x0000000000000000, 78, 51.20 W
2026/09/15 15:35:01.138, 2418 MHz, 0x0000000000000000, 77, 51.29 W
2026/09/15 15:35:02.138, 2418 MHz, 0x0000000000000000, 78, 51.04 W
2026/09/15 15:35:03.138, 2418 MHz, 0x0000000000000000, 77, 50.88 W
2026/09/15 15:35:04.138, 2418 MHz, 0x0000000000000000, 78, 51.17 W
2026/09/15 15:35:05.139, 2418 MHz, 0x0000000000000000, 77, 51.03 W
2026/09/15 15:35:06.139, 2418 MHz, 0x0000000000000000, 78, 51.14 W
2026/09/15 15:35:07.139, 2418 MHz, 0x0000000000000000, 78, 51.08 W
2026/09/15 15:35:08.140, 2418 MHz, 0x0000000000000000, 78, 51.20 W
2026/09/15 15:35:09.140, 2418 MHz, 0x0000000000000000, 78, 51.58 W
2026/09/15 15:35:10.140, 2418 MHz, 0x0000000000000000, 78, 51.53 W
2026/09/15 15:35:11.141, 2411 MHz, 0x0000000000000000, 72, 30.24 W
2026/09/15 15:35:12.141, 2405 MHz, 0x0000000000000000, 71, 18.92 W
2026/09/15 15:35:13.141, 2411 MHz, 0x0000000000000000, 77, 42.32 W
2026/09/15 15:35:14.142, 2418 MHz, 0x0000000000000000, 76, 50.30 W
2026/09/15 15:35:15.142, 2418 MHz, 0x0000000000000000, 76, 47.90 W
2026/09/15 15:35:16.143, 2418 MHz, 0x0000000000000000, 76, 48.20 W
2026/09/15 15:35:17.143, 2418 MHz, 0x0000000000000000, 76, 48.64 W
2026/09/15 15:35:18.144, 2418 MHz, 0x0000000000000000, 77, 48.58 W
2026/09/15 15:35:19.144, 2418 MHz, 0x0000000000000000, 77, 48.18 W
2026/09/15 15:35:20.145, 2418 MHz, 0x0000000000000000, 76, 48.86 W
2026/09/15 15:35:21.145, 2418 MHz, 0x0000000000000000, 77, 48.81 W
2026/09/15 15:35:22.145, 2418 MHz, 0x0000000000000000, 77, 49.17 W
2026/09/15 15:35:23.146, 2418 MHz, 0x0000000000000000, 76, 48.21 W
2026/09/15 15:35:24.146, 2418 MHz, 0x0000000000000000, 77, 48.11 W
2026/09/15 15:35:25.146, 2418 MHz, 0x0000000000000000, 77, 48.37 W
2026/09/15 15:35:26.146, 2418 MHz, 0x0000000000000000, 77, 47.85 W
2026/09/15 15:35:27.147, 2418 MHz, 0x0000000000000000, 76, 48.49 W
2026/09/15 15:35:28.147, 2418 MHz, 0x0000000000000000, 77, 48.89 W
2026/09/15 15:35:29.148, 2418 MHz, 0x0000000000000000, 77, 49.02 W
2026/09/15 15:35:30.148, 2418 MHz, 0x0000000000000000, 77, 48.84 W
2026/09/15 15:35:31.148, 2418 MHz, 0x0000000000000000, 77, 49.00 W
2026/09/15 15:35:32.148, 2418 MHz, 0x0000000000000000, 77, 49.19 W
2026/09/15 15:35:33.148, 2418 MHz, 0x0000000000000000, 77, 49.19 W
2026/09/15 15:35:34.149, 2418 MHz, 0x0000000000000000, 77, 49.11 W
2026/09/15 15:35:35.149, 2418 MHz, 0x0000000000000000, 77, 49.26 W
2026/09/15 15:35:36.149, 2418 MHz, 0x0000000000000000, 77, 49.15 W
2026/09/15 15:35:37.150, 2418 MHz, 0x0000000000000000, 76, 49.24 W
2026/09/15 15:35:38.150, 2418 MHz, 0x0000000000000000, 77, 49.18 W
2026/09/15 15:35:39.151, 2418 MHz, 0x0000000000000000, 77, 49.09 W
2026/09/15 15:35:40.151, 2418 MHz, 0x0000000000000000, 77, 49.33 W
2026/09/15 15:35:41.152, 2418 MHz, 0x0000000000000000, 77, 49.46 W
2026/09/15 15:35:42.152, 2418 MHz, 0x0000000000000000, 77, 49.26 W
2026/09/15 15:35:43.152, 2418 MHz, 0x0000000000000000, 77, 49.25 W
2026/09/15 15:35:44.153, 2418 MHz, 0x0000000000000000, 77, 49.25 W
2026/09/15 15:35:45.153, 2418 MHz, 0x0000000000000000, 77, 49.36 W
2026/09/15 15:35:46.154, 2418 MHz, 0x0000000000000000, 77, 49.19 W
2026/09/15 15:35:47.154, 2418 MHz, 0x0000000000000000, 77, 49.25 W
2026/09/15 15:35:48.155, 2411 MHz, 0x0000000000000000, 71, 31.54 W
2026/09/15 15:35:49.156, 2405 MHz, 0x0000000000000000, 71, 18.77 W
2026/09/15 15:35:50.156, 2411 MHz, 0x0000000000000000, 76, 38.41 W
2026/09/15 15:35:51.156, 2411 MHz, 0x0000000000000000, 76, 55.76 W
2026/09/15 15:35:52.157, 2418 MHz, 0x0000000000000000, 75, 50.11 W
2026/09/15 15:35:53.157, 2418 MHz, 0x0000000000000000, 76, 49.34 W
2026/09/15 15:35:54.157, 2418 MHz, 0x0000000000000000, 76, 50.67 W
2026/09/15 15:35:55.157, 2418 MHz, 0x0000000000000000, 77, 51.02 W
2026/09/15 15:35:56.158, 2418 MHz, 0x0000000000000000, 77, 50.92 W
2026/09/15 15:35:57.158, 2418 MHz, 0x0000000000000000, 77, 51.17 W
2026/09/15 15:35:58.158, 2418 MHz, 0x0000000000000000, 77, 51.48 W
2026/09/15 15:35:59.159, 2418 MHz, 0x0000000000000000, 77, 51.29 W
2026/09/15 15:36:00.159, 2418 MHz, 0x0000000000000000, 77, 51.43 W
2026/09/15 15:36:01.159, 2418 MHz, 0x0000000000000000, 77, 51.78 W
2026/09/15 15:36:02.160, 2418 MHz, 0x0000000000000000, 78, 51.88 W
2026/09/15 15:36:03.161, 2418 MHz, 0x0000000000000000, 77, 52.03 W
2026/09/15 15:36:04.161, 2418 MHz, 0x0000000000000000, 77, 51.91 W
2026/09/15 15:36:05.162, 2418 MHz, 0x0000000000000000, 77, 51.50 W
2026/09/15 15:36:06.162, 2418 MHz, 0x0000000000000000, 76, 51.97 W
2026/09/15 15:36:07.163, 2418 MHz, 0x0000000000000000, 78, 52.13 W
2026/09/15 15:36:08.163, 2418 MHz, 0x0000000000000000, 78, 52.10 W
2026/09/15 15:36:09.163, 2418 MHz, 0x0000000000000000, 77, 52.00 W
2026/09/15 15:36:10.164, 2418 MHz, 0x0000000000000000, 77, 52.13 W
2026/09/15 15:36:11.164, 2418 MHz, 0x0000000000000000, 76, 51.98 W
2026/09/15 15:36:12.165, 2418 MHz, 0x0000000000000000, 78, 51.74 W
2026/09/15 15:36:13.165, 2418 MHz, 0x0000000000000000, 77, 51.58 W
2026/09/15 15:36:14.166, 2418 MHz, 0x0000000000000000, 78, 51.86 W
2026/09/15 15:36:15.166, 2418 MHz, 0x0000000000000000, 78, 52.10 W
2026/09/15 15:36:16.167, 2418 MHz, 0x0000000000000000, 78, 51.96 W
2026/09/15 15:36:17.167, 2418 MHz, 0x0000000000000000, 78, 51.96 W
2026/09/15 15:36:18.168, 2418 MHz, 0x0000000000000000, 78, 51.05 W
2026/09/15 15:36:19.168, 2418 MHz, 0x0000000000000000, 78, 51.21 W
2026/09/15 15:36:20.169, 2418 MHz, 0x0000000000000000, 77, 50.59 W
2026/09/15 15:36:21.169, 2418 MHz, 0x0000000000000000, 77, 50.72 W
2026/09/15 15:36:22.170, 2418 MHz, 0x0000000000000000, 78, 50.72 W
2026/09/15 15:36:23.170, 2418 MHz, 0x0000000000000000, 78, 51.21 W
2026/09/15 15:36:24.170, 2418 MHz, 0x0000000000000000, 78, 50.98 W
2026/09/15 15:36:25.170, 2411 MHz, 0x0000000000000000, 72, 36.71 W
2026/09/15 15:36:26.171, 2405 MHz, 0x0000000000000000, 71, 18.96 W
2026/09/15 15:36:27.171, 2411 MHz, 0x0000000000000000, 75, 28.36 W
2026/09/15 15:36:28.172, 2418 MHz, 0x0000000000000000, 75, 35.81 W
2026/09/15 15:36:29.172, 2418 MHz, 0x0000000000000000, 76, 48.76 W
2026/09/15 15:36:30.172, 2418 MHz, 0x0000000000000000, 75, 48.57 W
2026/09/15 15:36:31.173, 2418 MHz, 0x0000000000000000, 76, 48.72 W
2026/09/15 15:36:32.173, 2418 MHz, 0x0000000000000000, 76, 48.70 W
2026/09/15 15:36:33.174, 2418 MHz, 0x0000000000000000, 76, 48.70 W
2026/09/15 15:36:34.175, 2418 MHz, 0x0000000000000000, 76, 48.89 W
2026/09/15 15:36:35.175, 2418 MHz, 0x0000000000000000, 76, 48.96 W
2026/09/15 15:36:36.176, 2418 MHz, 0x0000000000000000, 76, 48.91 W
2026/09/15 15:36:37.176, 2418 MHz, 0x0000000000000000, 76, 49.17 W
2026/09/15 15:36:38.177, 2418 MHz, 0x0000000000000000, 76, 49.39 W
2026/09/15 15:36:39.177, 2418 MHz, 0x0000000000000000, 77, 49.49 W
2026/09/15 15:36:40.177, 2418 MHz, 0x0000000000000000, 76, 49.49 W
2026/09/15 15:36:41.178, 2418 MHz, 0x0000000000000000, 76, 49.02 W
2026/09/15 15:36:42.178, 2418 MHz, 0x0000000000000000, 76, 48.37 W
2026/09/15 15:36:43.179, 2418 MHz, 0x0000000000000000, 77, 48.95 W
2026/09/15 15:36:44.179, 2418 MHz, 0x0000000000000000, 76, 48.80 W
2026/09/15 15:36:45.179, 2418 MHz, 0x0000000000000000, 77, 48.10 W
2026/09/15 15:36:46.180, 2418 MHz, 0x0000000000000000, 75, 47.81 W
2026/09/15 15:36:47.180, 2418 MHz, 0x0000000000000000, 76, 47.81 W
2026/09/15 15:36:48.181, 2418 MHz, 0x0000000000000000, 76, 47.99 W
2026/09/15 15:36:49.181, 2418 MHz, 0x0000000000000000, 76, 48.07 W
2026/09/15 15:36:50.181, 2418 MHz, 0x0000000000000000, 76, 47.91 W
2026/09/15 15:36:51.182, 2418 MHz, 0x0000000000000000, 77, 48.90 W
2026/09/15 15:36:52.183, 2418 MHz, 0x0000000000000000, 77, 48.83 W
2026/09/15 15:36:53.183, 2418 MHz, 0x0000000000000000, 75, 49.04 W
2026/09/15 15:36:54.183, 2418 MHz, 0x0000000000000000, 76, 48.32 W
2026/09/15 15:36:55.184, 2418 MHz, 0x0000000000000000, 76, 48.31 W
2026/09/15 15:36:56.184, 2418 MHz, 0x0000000000000000, 77, 49.21 W
2026/09/15 15:36:57.185, 2418 MHz, 0x0000000000000000, 77, 49.22 W
2026/09/15 15:36:58.185, 2418 MHz, 0x0000000000000000, 77, 49.28 W
2026/09/15 15:36:59.186, 2418 MHz, 0x0000000000000000, 76, 49.36 W
2026/09/15 15:37:00.186, 2418 MHz, 0x0000000000000000, 76, 49.15 W
2026/09/15 15:37:01.187, 2418 MHz, 0x0000000000000000, 77, 49.27 W
2026/09/15 15:37:02.188, 2411 MHz, 0x0000000000000000, 71, 37.69 W
2026/09/15 15:37:03.188, 2405 MHz, 0x0000000000000000, 70, 18.62 W
2026/09/15 15:37:04.188, 2418 MHz, 0x0000000000000000, 70, 24.70 W
2026/09/15 15:37:05.189, 2418 MHz, 0x0000000000000000, 76, 49.64 W
2026/09/15 15:37:06.189, 2418 MHz, 0x0000000000000000, 76, 51.28 W
2026/09/15 15:37:07.190, 2418 MHz, 0x0000000000000000, 76, 51.42 W
2026/09/15 15:37:08.190, 2418 MHz, 0x0000000000000000, 76, 50.85 W
2026/09/15 15:37:09.190, 2418 MHz, 0x0000000000000000, 76, 50.91 W
2026/09/15 15:37:10.190, 2418 MHz, 0x0000000000000000, 76, 51.18 W
2026/09/15 15:37:11.191, 2418 MHz, 0x0000000000000000, 77, 51.41 W
2026/09/15 15:37:12.191, 2418 MHz, 0x0000000000000000, 77, 52.00 W
2026/09/15 15:37:13.192, 2418 MHz, 0x0000000000000000, 77, 51.69 W
2026/09/15 15:37:14.192, 2418 MHz, 0x0000000000000000, 77, 51.48 W
2026/09/15 15:37:15.192, 2418 MHz, 0x0000000000000000, 77, 51.72 W
2026/09/15 15:37:16.193, 2418 MHz, 0x0000000000000000, 77, 51.81 W
2026/09/15 15:37:17.194, 2418 MHz, 0x0000000000000000, 76, 51.96 W
2026/09/15 15:37:18.194, 2418 MHz, 0x0000000000000000, 77, 51.64 W
2026/09/15 15:37:19.195, 2418 MHz, 0x0000000000000000, 77, 51.83 W
2026/09/15 15:37:20.195, 2418 MHz, 0x0000000000000000, 78, 52.01 W
2026/09/15 15:37:21.196, 2418 MHz, 0x0000000000000000, 77, 52.25 W
2026/09/15 15:37:22.196, 2418 MHz, 0x0000000000000000, 77, 52.17 W
2026/09/15 15:37:23.196, 2418 MHz, 0x0000000000000000, 77, 52.52 W
2026/09/15 15:37:24.197, 2418 MHz, 0x0000000000000000, 77, 52.38 W
2026/09/15 15:37:25.197, 2418 MHz, 0x0000000000000000, 78, 51.95 W
2026/09/15 15:37:26.197, 2418 MHz, 0x0000000000000000, 77, 51.94 W
2026/09/15 15:37:27.198, 2418 MHz, 0x0000000000000000, 78, 52.04 W
2026/09/15 15:37:28.198, 2418 MHz, 0x0000000000000000, 78, 52.05 W
2026/09/15 15:37:29.199, 2418 MHz, 0x0000000000000000, 78, 51.82 W
2026/09/15 15:37:30.200, 2418 MHz, 0x0000000000000000, 78, 51.84 W
2026/09/15 15:37:31.200, 2418 MHz, 0x0000000000000000, 77, 51.53 W
2026/09/15 15:37:32.201, 2418 MHz, 0x0000000000000000, 77, 51.62 W
2026/09/15 15:37:33.201, 2418 MHz, 0x0000000000000000, 78, 52.07 W
2026/09/15 15:37:34.202, 2418 MHz, 0x0000000000000000, 77, 51.90 W
2026/09/15 15:37:35.203, 2418 MHz, 0x0000000000000000, 78, 51.97 W
2026/09/15 15:37:36.204, 2418 MHz, 0x0000000000000000, 78, 51.75 W
2026/09/15 15:37:37.204, 2418 MHz, 0x0000000000000000, 78, 51.88 W
2026/09/15 15:37:38.205, 2418 MHz, 0x0000000000000000, 78, 51.81 W
2026/09/15 15:37:39.205, 2418 MHz, 0x0000000000000000, 73, 45.99 W
2026/09/15 15:37:40.206, 2405 MHz, 0x0000000000000000, 71, 19.07 W
2026/09/15 15:37:41.206, 2411 MHz, 0x0000000000000000, 76, 27.68 W
2026/09/15 15:37:42.207, 2418 MHz, 0x0000000000000000, 71, 35.31 W
2026/09/15 15:37:43.207, 2418 MHz, 0x0000000000000000, 76, 47.06 W
2026/09/15 15:37:44.208, 2418 MHz, 0x0000000000000000, 76, 48.72 W
2026/09/15 15:37:45.208, 2418 MHz, 0x0000000000000000, 76, 48.83 W
2026/09/15 15:37:46.209, 2418 MHz, 0x0000000000000000, 77, 48.76 W
2026/09/15 15:37:47.209, 2418 MHz, 0x0000000000000000, 76, 48.92 W
2026/09/15 15:37:48.210, 2418 MHz, 0x0000000000000000, 76, 49.26 W
2026/09/15 15:37:49.210, 2418 MHz, 0x0000000000000000, 76, 49.17 W
2026/09/15 15:37:50.211, 2418 MHz, 0x0000000000000000, 77, 48.99 W
2026/09/15 15:37:51.211, 2418 MHz, 0x0000000000000000, 77, 49.03 W
2026/09/15 15:37:52.212, 2418 MHz, 0x0000000000000000, 77, 49.35 W
2026/09/15 15:37:53.212, 2418 MHz, 0x0000000000000000, 77, 49.32 W
2026/09/15 15:37:54.213, 2418 MHz, 0x0000000000000000, 77, 49.51 W
2026/09/15 15:37:55.213, 2418 MHz, 0x0000000000000000, 77, 49.73 W
2026/09/15 15:37:56.214, 2418 MHz, 0x0000000000000000, 76, 49.57 W
2026/09/15 15:37:57.214, 2418 MHz, 0x0000000000000000, 77, 49.52 W
2026/09/15 15:37:58.214, 2418 MHz, 0x0000000000000000, 77, 49.36 W
2026/09/15 15:37:59.214, 2418 MHz, 0x0000000000000000, 77, 49.66 W
2026/09/15 15:38:00.215, 2418 MHz, 0x0000000000000000, 77, 49.46 W
2026/09/15 15:38:01.216, 2418 MHz, 0x0000000000000000, 77, 49.54 W
2026/09/15 15:38:02.216, 2418 MHz, 0x0000000000000000, 77, 49.62 W
2026/09/15 15:38:03.217, 2418 MHz, 0x0000000000000000, 77, 49.67 W
2026/09/15 15:38:04.217, 2418 MHz, 0x0000000000000000, 76, 49.30 W
2026/09/15 15:38:05.218, 2418 MHz, 0x0000000000000000, 77, 49.40 W
2026/09/15 15:38:06.218, 2418 MHz, 0x0000000000000000, 77, 49.39 W
2026/09/15 15:38:07.219, 2418 MHz, 0x0000000000000000, 77, 49.69 W
2026/09/15 15:38:08.219, 2418 MHz, 0x0000000000000000, 77, 49.59 W
2026/09/15 15:38:09.220, 2418 MHz, 0x0000000000000000, 77, 49.60 W
2026/09/15 15:38:10.220, 2418 MHz, 0x0000000000000000, 77, 49.58 W
2026/09/15 15:38:11.221, 2418 MHz, 0x0000000000000000, 76, 49.67 W
2026/09/15 15:38:12.221, 2418 MHz, 0x0000000000000000, 77, 48.95 W
2026/09/15 15:38:13.221, 2418 MHz, 0x0000000000000000, 77, 48.90 W
2026/09/15 15:38:14.221, 2418 MHz, 0x0000000000000000, 77, 48.92 W
2026/09/15 15:38:15.222, 2418 MHz, 0x0000000000000000, 77, 48.65 W
2026/09/15 15:38:16.222, 2418 MHz, 0x0000000000000000, 73, 45.38 W
2026/09/15 15:38:17.223, 2405 MHz, 0x0000000000000000, 71, 18.81 W
2026/09/15 15:38:18.223, 2405 MHz, 0x0000000000000000, 75, 22.23 W
2026/09/15 15:38:19.224, 2418 MHz, 0x0000000000000000, 77, 46.01 W
2026/09/15 15:38:20.224, 2405 MHz, 0x0000000000000000, 70, 30.04 W
2026/09/15 15:38:21.224, 2405 MHz, 0x0000000000000000, 75, 27.52 W
2026/09/15 15:38:22.225, 2418 MHz, 0x0000000000000000, 76, 50.99 W
2026/09/15 15:38:23.226, 2418 MHz, 0x0000000000000000, 76, 51.52 W
2026/09/15 15:38:24.226, 2418 MHz, 0x0000000000000000, 76, 51.54 W
2026/09/15 15:38:25.226, 2418 MHz, 0x0000000000000000, 75, 51.34 W
2026/09/15 15:38:26.227, 2418 MHz, 0x0000000000000000, 76, 51.74 W
2026/09/15 15:38:27.227, 2418 MHz, 0x0000000000000000, 76, 51.48 W
2026/09/15 15:38:28.228, 2418 MHz, 0x0000000000000000, 77, 51.56 W
2026/09/15 15:38:29.228, 2418 MHz, 0x0000000000000000, 77, 51.84 W
2026/09/15 15:38:30.229, 2418 MHz, 0x0000000000000000, 77, 52.16 W
2026/09/15 15:38:31.229, 2418 MHz, 0x0000000000000000, 77, 52.21 W
2026/09/15 15:38:32.230, 2418 MHz, 0x0000000000000000, 77, 51.94 W
2026/09/15 15:38:33.230, 2418 MHz, 0x0000000000000000, 77, 52.03 W
2026/09/15 15:38:34.230, 2418 MHz, 0x0000000000000000, 76, 52.15 W
2026/09/15 15:38:35.230, 2418 MHz, 0x0000000000000000, 77, 52.10 W
2026/09/15 15:38:36.231, 2418 MHz, 0x0000000000000000, 77, 52.13 W
2026/09/15 15:38:37.232, 2418 MHz, 0x0000000000000000, 78, 52.56 W
2026/09/15 15:38:38.232, 2418 MHz, 0x0000000000000000, 77, 52.33 W
2026/09/15 15:38:39.233, 2418 MHz, 0x0000000000000000, 77, 52.47 W
2026/09/15 15:38:40.233, 2418 MHz, 0x0000000000000000, 77, 52.40 W
2026/09/15 15:38:41.234, 2418 MHz, 0x0000000000000000, 77, 52.50 W
2026/09/15 15:38:42.234, 2418 MHz, 0x0000000000000000, 78, 52.49 W
2026/09/15 15:38:43.235, 2418 MHz, 0x0000000000000000, 78, 52.58 W
2026/09/15 15:38:44.235, 2418 MHz, 0x0000000000000000, 78, 52.60 W
2026/09/15 15:38:45.236, 2418 MHz, 0x0000000000000000, 78, 52.49 W
2026/09/15 15:38:46.236, 2418 MHz, 0x0000000000000000, 78, 52.62 W
2026/09/15 15:38:47.236, 2418 MHz, 0x0000000000000000, 78, 52.72 W
2026/09/15 15:38:48.237, 2418 MHz, 0x0000000000000000, 78, 52.59 W
2026/09/15 15:38:49.237, 2418 MHz, 0x0000000000000000, 78, 52.62 W
2026/09/15 15:38:50.238, 2418 MHz, 0x0000000000000000, 78, 52.50 W
2026/09/15 15:38:51.238, 2418 MHz, 0x0000000000000000, 77, 52.38 W
2026/09/15 15:38:52.239, 2418 MHz, 0x0000000000000000, 77, 52.41 W
2026/09/15 15:38:53.239, 2418 MHz, 0x0000000000000000, 78, 52.61 W
2026/09/15 15:38:54.240, 2418 MHz, 0x0000000000000000, 78, 50.62 W
2026/09/15 15:38:55.240, 2418 MHz, 0x0000000000000000, 76, 51.81 W
2026/09/15 15:38:56.241, 2411 MHz, 0x0000000000000000, 71, 26.85 W
2026/09/15 15:38:57.241, 2405 MHz, 0x0000000000000000, 70, 18.65 W
2026/09/15 15:38:58.242, 2411 MHz, 0x0000000000000000, 70, 29.52 W
2026/09/15 15:38:59.242, 2418 MHz, 0x0000000000000000, 70, 32.22 W
2026/09/15 15:39:00.243, 2418 MHz, 0x0000000000000000, 75, 43.96 W
2026/09/15 15:39:01.243, 2418 MHz, 0x0000000000000000, 75, 48.97 W
2026/09/15 15:39:02.244, 2418 MHz, 0x0000000000000000, 75, 48.42 W
2026/09/15 15:39:03.244, 2418 MHz, 0x0000000000000000, 75, 49.23 W
2026/09/15 15:39:04.245, 2418 MHz, 0x0000000000000000, 75, 48.96 W
2026/09/15 15:39:05.245, 2418 MHz, 0x0000000000000000, 75, 49.29 W
2026/09/15 15:39:06.246, 2418 MHz, 0x0000000000000000, 76, 49.16 W
2026/09/15 15:39:07.246, 2418 MHz, 0x0000000000000000, 75, 49.44 W
2026/09/15 15:39:08.247, 2418 MHz, 0x0000000000000000, 75, 49.26 W
2026/09/15 15:39:09.247, 2418 MHz, 0x0000000000000000, 76, 49.49 W
2026/09/15 15:39:10.247, 2418 MHz, 0x0000000000000000, 76, 49.71 W
2026/09/15 15:39:11.248, 2418 MHz, 0x0000000000000000, 76, 49.31 W
2026/09/15 15:39:12.248, 2418 MHz, 0x0000000000000000, 76, 49.46 W
2026/09/15 15:39:13.248, 2418 MHz, 0x0000000000000000, 75, 49.16 W
2026/09/15 15:39:14.249, 2418 MHz, 0x0000000000000000, 75, 49.21 W
2026/09/15 15:39:15.249, 2418 MHz, 0x0000000000000000, 76, 49.77 W
2026/09/15 15:39:16.250, 2418 MHz, 0x0000000000000000, 76, 49.25 W
2026/09/15 15:39:17.250, 2418 MHz, 0x0000000000000000, 76, 49.56 W
2026/09/15 15:39:18.251, 2418 MHz, 0x0000000000000000, 76, 49.67 W
2026/09/15 15:39:19.251, 2418 MHz, 0x0000000000000000, 76, 49.37 W
2026/09/15 15:39:20.251, 2418 MHz, 0x0000000000000000, 76, 49.85 W
2026/09/15 15:39:21.252, 2418 MHz, 0x0000000000000000, 76, 49.70 W
2026/09/15 15:39:22.252, 2418 MHz, 0x0000000000000000, 76, 49.83 W
2026/09/15 15:39:23.252, 2418 MHz, 0x0000000000000000, 75, 49.59 W
2026/09/15 15:39:24.253, 2418 MHz, 0x0000000000000000, 75, 49.97 W
2026/09/15 15:39:25.253, 2418 MHz, 0x0000000000000000, 76, 49.78 W
2026/09/15 15:39:26.254, 2418 MHz, 0x0000000000000000, 76, 49.63 W
2026/09/15 15:39:27.254, 2418 MHz, 0x0000000000000000, 77, 49.92 W
2026/09/15 15:39:28.255, 2418 MHz, 0x0000000000000000, 77, 49.69 W
2026/09/15 15:39:29.255, 2418 MHz, 0x0000000000000000, 76, 50.26 W
2026/09/15 15:39:30.256, 2418 MHz, 0x0000000000000000, 77, 50.10 W
2026/09/15 15:39:31.256, 2418 MHz, 0x0000000000000000, 77, 49.83 W
2026/09/15 15:39:32.256, 2418 MHz, 0x0000000000000000, 77, 49.87 W
2026/09/15 15:39:33.257, 2418 MHz, 0x0000000000000000, 72, 45.64 W
2026/09/15 15:39:34.257, 2411 MHz, 0x0000000000000000, 71, 19.05 W
2026/09/15 15:39:35.258, 2405 MHz, 0x0000000000000000, 71, 20.08 W
2026/09/15 15:39:36.258, 2405 MHz, 0x0000000000000000, 70, 28.82 W
2026/09/15 15:39:37.258, 2418 MHz, 0x0000000000000000, 71, 45.40 W
2026/09/15 15:39:38.259, 2411 MHz, 0x0000000000000000, 70, 33.36 W
2026/09/15 15:39:39.259, 2418 MHz, 0x0000000000000000, 76, 51.63 W
2026/09/15 15:39:40.260, 2418 MHz, 0x0000000000000000, 75, 52.29 W
2026/09/15 15:39:41.260, 2418 MHz, 0x0000000000000000, 77, 51.98 W
2026/09/15 15:39:42.260, 2418 MHz, 0x0000000000000000, 77, 52.11 W
2026/09/15 15:39:43.260, 2418 MHz, 0x0000000000000000, 77, 52.42 W
2026/09/15 15:39:44.261, 2418 MHz, 0x0000000000000000, 78, 52.49 W
2026/09/15 15:39:45.261, 2418 MHz, 0x0000000000000000, 78, 52.06 W
2026/09/15 15:39:46.261, 2418 MHz, 0x0000000000000000, 78, 52.57 W
2026/09/15 15:39:47.261, 2418 MHz, 0x0000000000000000, 78, 52.33 W
2026/09/15 15:39:48.261, 2418 MHz, 0x0000000000000000, 79, 53.00 W
2026/09/15 15:39:49.262, 2418 MHz, 0x0000000000000000, 77, 52.67 W
2026/09/15 15:39:50.262, 2418 MHz, 0x0000000000000000, 78, 53.01 W
2026/09/15 15:39:51.263, 2418 MHz, 0x0000000000000000, 79, 53.16 W
2026/09/15 15:39:52.263, 2418 MHz, 0x0000000000000000, 79, 53.29 W
2026/09/15 15:39:53.264, 2418 MHz, 0x0000000000000000, 79, 53.51 W
2026/09/15 15:39:54.264, 2418 MHz, 0x0000000000000000, 79, 53.36 W
2026/09/15 15:39:55.264, 2418 MHz, 0x0000000000000000, 79, 53.26 W
2026/09/15 15:39:56.265, 2418 MHz, 0x0000000000000000, 79, 53.29 W
2026/09/15 15:39:57.265, 2418 MHz, 0x0000000000000000, 79, 53.32 W
2026/09/15 15:39:58.265, 2418 MHz, 0x0000000000000000, 79, 53.69 W
2026/09/15 15:39:59.266, 2418 MHz, 0x0000000000000000, 79, 51.67 W
2026/09/15 15:40:00.266, 2418 MHz, 0x0000000000000000, 79, 53.56 W
2026/09/15 15:40:01.266, 2418 MHz, 0x0000000000000000, 79, 53.64 W
2026/09/15 15:40:02.267, 2418 MHz, 0x0000000000000000, 78, 53.38 W
2026/09/15 15:40:03.267, 2418 MHz, 0x0000000000000000, 79, 53.69 W
2026/09/15 15:40:04.267, 2418 MHz, 0x0000000000000000, 79, 53.55 W
2026/09/15 15:40:05.268, 2418 MHz, 0x0000000000000000, 79, 53.84 W
2026/09/15 15:40:06.268, 2418 MHz, 0x0000000000000000, 79, 53.65 W
2026/09/15 15:40:07.268, 2418 MHz, 0x0000000000000000, 79, 53.36 W
2026/09/15 15:40:08.269, 2418 MHz, 0x0000000000000000, 79, 53.42 W
2026/09/15 15:40:09.270, 2418 MHz, 0x0000000000000000, 79, 53.69 W
2026/09/15 15:40:10.270, 2418 MHz, 0x0000000000000000, 78, 53.52 W
2026/09/15 15:40:11.270, 2418 MHz, 0x0000000000000000, 79, 53.35 W
2026/09/15 15:40:12.271, 2418 MHz, 0x0000000000000000, 79, 53.30 W
2026/09/15 15:40:13.271, 2411 MHz, 0x0000000000000000, 73, 40.72 W
2026/09/15 15:40:14.271, 2411 MHz, 0x0000000000000000, 72, 19.48 W
2026/09/15 15:40:15.272, 2418 MHz, 0x0000000000000000, 76, 32.33 W
2026/09/15 15:40:16.272, 2418 MHz, 0x0000000000000000, 77, 44.43 W
2026/09/15 15:40:17.272, 2418 MHz, 0x0000000000000000, 76, 46.12 W
2026/09/15 15:40:18.273, 2418 MHz, 0x0000000000000000, 76, 47.27 W
2026/09/15 15:40:19.273, 2418 MHz, 0x0000000000000000, 76, 44.95 W
2026/09/15 15:40:20.273, 2418 MHz, 0x0000000000000000, 77, 45.45 W
2026/09/15 15:40:21.273, 2418 MHz, 0x0000000000000000, 76, 43.53 W
2026/09/15 15:40:22.274, 2418 MHz, 0x0000000000000000, 75, 47.05 W
2026/09/15 15:40:23.274, 2418 MHz, 0x0000000000000000, 76, 47.39 W
2026/09/15 15:40:24.274, 2418 MHz, 0x0000000000000000, 76, 44.94 W
2026/09/15 15:40:25.274, 2418 MHz, 0x0000000000000000, 76, 45.72 W
2026/09/15 15:40:26.274, 2418 MHz, 0x0000000000000000, 76, 45.71 W
2026/09/15 15:40:27.274, 2418 MHz, 0x0000000000000000, 78, 46.27 W
2026/09/15 15:40:28.275, 2418 MHz, 0x0000000000000000, 76, 46.01 W
2026/09/15 15:40:29.275, 2418 MHz, 0x0000000000000000, 76, 44.54 W
2026/09/15 15:40:30.275, 2418 MHz, 0x0000000000000000, 76, 46.16 W
2026/09/15 15:40:31.276, 2418 MHz, 0x0000000000000000, 76, 44.53 W
2026/09/15 15:40:32.276, 2411 MHz, 0x0000000000000000, 79, 48.82 W
2026/09/15 15:40:33.276, 2418 MHz, 0x0000000000000000, 77, 51.02 W
2026/09/15 15:40:34.276, 2411 MHz, 0x0000000000000000, 72, 35.79 W
