b691691f4644	localhost/voipmonitor/vllm:spark-sm121-cu132-build-base-20260708	storage	vllm-working-container
7838622aa4f4	docker.io/library/3aa8433b80ce868fbd77b29a7afdc22b0de8fefecd8675b163b3684217f373c7-tmp:latest	storage	7838622aa4f4-working-container
dbe3f1ff30a9	docker.io/library/df2081b7e274ebdb91b1c32b70e058a9e5277111aea53f31fee7f15eb67a8dab-tmp:latest	storage	dbe3f1ff30a9-working-container
ebfd0276b81d	docker.io/library/df197c20327b022f1e45ba062ca8d5f226c37558a78b892baf8bb1d6ec2aaae8-tmp:latest	storage	ebfd0276b81d-working-container
696f9c56fe8d	localhost/voipmonitor/vllm:spark-sm121-cu132-system-base-20260708	storage	vllm-working-container-1
87ad152ac326	docker.io/library/494f01daf40f260e9db30be6145586ae432a9a01afad1a2dcf455357c88492bf-tmp:latest	storage	87ad152ac326-working-container
d59968820477	docker.io/library/bf851847f8edc0babff24bcc1de5e4a638a3e43a13630822ca297754baba43c5-tmp:latest	storage	d59968820477-working-container
47547558f9d8	docker.io/library/6016b87128f6bfa5346228736744c3d3c2168566f73d44b962d0527581ea6208-tmp:latest	storage	47547558f9d8-working-container
f68e3bae46dd	docker.io/library/337752b7360a98bddf25dacddb865d66aca75f96431ab17e68b01d4b16a74881-tmp:latest	storage	f68e3bae46dd-working-container
b4088cdd1ead	docker.io/library/db80cefebdc08e44c44520c53c916c71efbcde52b7c2b2a69581629062f3bbe0-tmp:latest	storage	b4088cdd1ead-working-container
6beb06bc1cad	docker.io/library/99efeb82066c05aea3f60a8c2cbdd880fb2263628b3f9482679f32b223fa47a0-tmp:latest	storage	6beb06bc1cad-working-container
13948c184300	docker.io/library/d462894bc4da6a9660c5bc58bee1d0d264dc25863a434b98c437229d2cfd9a26-tmp:latest	storage	13948c184300-working-container
b80bbb249078	docker.io/library/2989c54323584884c594f4ed39012ca4ac6bbf24ab9dba44bef98416a70d8765-tmp:latest	storage	b80bbb249078-working-container
8ebd8cb61fce	docker.io/library/7d6da9b3afab9ba37d501b454d31fa81186a6ad6dec39c2027f5872ec52cd609-tmp:latest	storage	8ebd8cb61fce-working-container
108f3248eb12	docker.io/library/76cfc1a218e5a9759f7846fb599195592c71f6596e29c59d5dd10cc5405d76ca-tmp:latest	storage	108f3248eb12-working-container
f40ca5ae77d5	docker.io/library/5e4b63c33abc05fd3dab06a74decbfc9ef4a6ccde0193161e2e554ef41f1aff2-tmp:latest	storage	f40ca5ae77d5-working-container
6d4c6b6bf6cd	docker.io/library/9414b52780c03024e34345b2e9c7a67cae4dc31bc8a630f8c5485eb056a0e9b4-tmp:latest	storage	6d4c6b6bf6cd-working-container
db997d3c0888	docker.io/library/01065ffb9f8b94e6a21eba4721afe86641be67ad6dc5a697a3a15935b932229d-tmp:latest	storage	db997d3c0888-working-container
41e65559fb73	docker.io/library/5802625f3f3db3f9fecf775b3424875f0695fbb78b29270d8ac45cc73ca2d7e9-tmp:latest	storage	41e65559fb73-working-container
8d55b5b55edb	docker.io/library/873124a78822d88a9851ad669f3b462fac20da0dd51dde92bafdd4949e75ab74-tmp:latest	storage	8d55b5b55edb-working-container
f9ae2322ef1f	docker.io/library/f5bcfd117219b5b8666c0a2763cc5d8eed37d8071c7ed45c67cf5228afc527c1-tmp:latest	storage	f9ae2322ef1f-working-container
ad2b9b21c9cb	docker.io/library/a32f900e21f914fdf79cf583efdda6fa2111d3dba9d93c7d83d6b82d3745544a-tmp:latest	storage	ad2b9b21c9cb-working-container
9eb46bb7fff6	docker.io/library/fc7dfcfac5d729795b5e94c0c6f034103e02e1b7098cbba5b797c63fea5b12fb-tmp:latest	storage	9eb46bb7fff6-working-container
367256cdb426	docker.io/library/d6fe59f474d6d74618880a314226a99cbaf44f4fbb63f705d84245ed714f82cb-tmp:latest	storage	367256cdb426-working-container
1a400609a82e	docker.io/library/7aa4037e9c718afb0252ec31f71675677d5bd2211ea9d32713d200611929efc7-tmp:latest	storage	1a400609a82e-working-container
9e496f042f94	docker.io/library/73525b60bec1b30c83e5b27e9f028a6445d4dd66364daf4dc287eecc74b787a5-tmp:latest	storage	9e496f042f94-working-container
971a712c3af6	docker.io/library/a4a8925390a104659f08b11603cc9c5c3138918e03247003d442c52ffb6a7879-tmp:latest	storage	971a712c3af6-working-container
c5797964991e	docker.io/library/31e2a391f9ce606257e3eea5469d69f8d0e34769394717ce1bbcf5421f9e27be-tmp:latest	storage	c5797964991e-working-container
c19fbc056095	docker.io/library/5cf2c84e28f2361fd5ab804024ee891cb07cb01707df26c56c674b0efc9b39c7-tmp:latest	storage	c19fbc056095-working-container
9863c4af8691	docker.io/library/2950be755c106c69592eee2e1d41c1fc16b8a81a26bcfaa06aec2db490b635b5-tmp:latest	storage	9863c4af8691-working-container
cabf564ea020	docker.io/library/42142eb75ad654ba6704adc7ac020c90878738cfb1dd6ae2c6331848757be040-tmp:latest	storage	cabf564ea020-working-container
1e45c7302be0	docker.io/library/7f09f3d682ea07407815a05b3ad8082b701d9eb8500bffcf9826a4a9968d49a0-tmp:latest	storage	1e45c7302be0-working-container
e7e2fe5d8ef7	docker.io/library/5266605b35a711a31466fdbc014c8ee2084af84a8661a4a8857e5c5bf455353b-tmp:latest	storage	e7e2fe5d8ef7-working-container
b2f8153e719b	docker.io/library/2e38be8d8da4d70802fce3e39e976ab47bad9cc9a60cebd5aa428b1ee76cfd06-tmp:latest	storage	b2f8153e719b-working-container
8c51bb706198	docker.io/library/0f7ae015f0582094d4b41a402f39f6324c43409c99822faf76958bc742179a4b-tmp:latest	storage	8c51bb706198-working-container
33008a074452	docker.io/library/dae5ed3a8ab30e097e1a791c7856b92bd39981bf391a2c53e68d4a51455a9ae5-tmp:latest	storage	33008a074452-working-container
2b31008af047	docker.io/library/901bca66d18eeea5b7500b09e512208f9e1a75397f106b61f55f011739d5a09a-tmp:latest	storage	2b31008af047-working-container
b43fd2c40a8c	docker.io/library/cb48aaf4e599fe20fbdc103ed6ef5e5e2c29881ea30938c7e84d8d7d107a3e89-tmp:latest	storage	b43fd2c40a8c-working-container
f3e00e93c2eb	docker.io/library/9330c956ea38cc0a646d807d3d63de6ce5d971a55ee6ea7573c8eff16acdb6f0-tmp:latest	storage	f3e00e93c2eb-working-container
d7708c3efc4c	docker.io/library/a38667ecc889b6f1fa94566d1556b2548ecf3df4477b769e010caff3efa9aee6-tmp:latest	storage	d7708c3efc4c-working-container
ab39b3c6ffd7	docker.io/library/9a350c73eb627c43611ce342ba6e6c80c9c89d555dc582898d39730c53bcc055-tmp:latest	storage	ab39b3c6ffd7-working-container
6fc29169a4ac	docker.io/library/dc8c0a3f28025cb932874ca534bfedd132782c95b7c0f26a856b6ee7a3229e59-tmp:latest	storage	6fc29169a4ac-working-container
386271c1d377	docker.io/library/97e4ae23599b6820e3154636b6940c2aaa05952665ab013e47cff9983f75008f-tmp:latest	storage	386271c1d377-working-container
ad8437ccd78f	docker.io/library/acd5ae588c4f27d364cee636ee8b698e779077774aca6443dfa56a2d1f4bed28-tmp:latest	storage	ad8437ccd78f-working-container
07492952305c	docker.io/library/efadee6ef29d482aa4bfa64ae16b2a7c63faa620a7bbdfaaa5b3e88c2d92e167-tmp:latest	storage	07492952305c-working-container
1f1ef9f0baff	docker.io/library/b4ab7ec77c2a7435dca61e1aa150d2420aa9db7580ad557f593aed300dac65e0-tmp:latest	storage	1f1ef9f0baff-working-container
fd60586ae6ef	docker.io/library/105a02a4fac59d0322036e3a67c626d695509563142037127c54b1f56ed789aa-tmp:latest	storage	fd60586ae6ef-working-container
9071ce0d5bd0	docker.io/library/135f60452b138e2b22b7180381699dc76252f964c30e6f9eb25bbd538ad5a86d-tmp:latest	storage	9071ce0d5bd0-working-container
0896558d5fe4	docker.io/library/a2c8c5ec7052ba4acd05ab1c33c050e86e7046715f8b3c3a1380ced45c3a190e-tmp:latest	storage	0896558d5fe4-working-container
c4a1d51d68f9	docker.io/library/925892de4ee8f01c1e7fc2cc990e2a8f4dad2c609999f5fff99f5e1783992dd9-tmp:latest	storage	c4a1d51d68f9-working-container
da8038597c05	docker.io/library/f6f888c3eef16ecc1bdd8759dc0d7be224d3b5f15cf7eafe79e9d8896e64aee9-tmp:latest	storage	da8038597c05-working-container
30b5d2083300	docker.io/library/c4cd149ed6051ccb97e3f65c0c296e4b21cb79931eb826b808632116a86f1cd4-tmp:latest	storage	30b5d2083300-working-container
d81a9a1d2aa7	docker.io/library/d6c5acbcff5b5ac59f95f06b1307dba97c18935ea701065045d0d9c2e5622e0c-tmp:latest	storage	d81a9a1d2aa7-working-container
340f4bfc1cc2	docker.io/library/268621ae683d331515133b709fac5626476f82e7dcbdad1dee261c95fff4e467-tmp:latest	storage	340f4bfc1cc2-working-container
78921c9954d2	docker.io/library/c47b052277fe10a10283f525c028b78e6a3bc4436c32c1b049ab1ee4e43b707a-tmp:latest	storage	78921c9954d2-working-container
8066e56a642f	docker.io/library/d140f684970a8e1cd841439e07c850ea37d15abf23323756ab9f55351a77b6a9-tmp:latest	storage	8066e56a642f-working-container
b65162ec72e4	ghcr.io/astral-sh/uv:0.12.13	storage	uv-working-container
92bc91097685	docker.io/nvidia/cuda:13.0.2-cudnn-devel-ubuntu24.04	storage	cuda-working-container
46e443b1e6f8	docker.io/library/651a9a6de0aed2e7ee3d648cf8b8632db36dc5cbdda07359e003b8a2aa5bd5a9-tmp:latest	storage	46e443b1e6f8-working-container
9dfb6d8d5f38	docker.io/library/738b46916e0b86d30b73cae577150ef74c7074ae8051dc114fce636d64083933-tmp:latest	storage	9dfb6d8d5f38-working-container
8f04ca0407cd	docker.io/library/d6e5a98f608b4afd31b766fa08bf78c1e1fcdc40a691c4b42db7e1980fb211ea-tmp:latest	storage	8f04ca0407cd-working-container
b996832d73d3	docker.io/library/ef58438c6c2406bc19b61ee7414510c0667d775bd4346e5613d96d985cca4c47-tmp:latest	storage	b996832d73d3-working-container
bb57959b31b3	docker.io/library/a3349e07f20c47b00a04343f26d7543b871be84a2c40fd5fff7b571532e35c36-tmp:latest	storage	bb57959b31b3-working-container
ea031e1d3d05	localhost/voipmonitor/vllm:jj-r38-spark-sm121	running	ds4-vision-jj-r38-tp2
